#
# A fatal error has been detected by the Java Runtime Environment:
#
#  SIGSEGV (0xb) at pc=0x00000001115873d4, pid=15944, tid=25091
#
# JRE version: OpenJDK Runtime Environment Temurin-21.0.9+10 (21.0.9+10) (build 21.0.9+10-LTS)
# Java VM: OpenJDK 64-Bit Server VM Temurin-21.0.9+10 (21.0.9+10-LTS, mixed mode, sharing, tiered, compressed oops, compressed class ptrs, parallel gc, bsd-amd64)
# Problematic frame:
# V  [libjvm.dylib+0xac23d4]  Symbol::increment_refcount()+0x4
#
# No core dump will be written. Core dumps have been disabled. To enable core dumping, try "ulimit -c unlimited" before starting Java again
#
# If you would like to submit a bug report, please visit:
#   https://github.com/adoptium/adoptium-support/issues
#

---------------  S U M M A R Y ------------

Command Line: --add-modules=ALL-SYSTEM --add-opens=java.base/java.util=ALL-UNNAMED --add-opens=java.base/java.lang=ALL-UNNAMED --add-opens=java.base/sun.nio.fs=ALL-UNNAMED -Declipse.application=org.eclipse.jdt.ls.core.id1 -Dosgi.bundles.defaultStartLevel=4 -Declipse.product=org.eclipse.jdt.ls.core.product -Djava.import.generatesMetadataFilesAtProjectRoot=false -DDetectVMInstallationsJob.disabled=true -Dfile.encoding=utf8 -XX:+UseParallelGC -XX:GCTimeRatio=4 -XX:AdaptiveSizePolicyWeight=90 -Dsun.zip.disableMemoryMapping=true -Xmx2G -Xms100m -Xlog:disable -javaagent:/Users/macos/.vscode/extensions/redhat.java-1.50.0-darwin-x64/lombok/lombok-1.18.39-4050.jar -XX:+HeapDumpOnOutOfMemoryError -XX:HeapDumpPath=/Users/macos/Library/Application Support/Code/User/workspaceStorage/60cff38366bdc71d8764f5d85cbf17cc/redhat.java -Daether.dependencyCollector.impl=bf /Users/macos/.vscode/extensions/redhat.java-1.50.0-darwin-x64/server/plugins/org.eclipse.equinox.launcher_1.7.100.v20251111-0406.jar -configuration /Users/macos/Library/Application Support/Code/User/globalStorage/redhat.java/1.50.0/config_mac -data /Users/macos/Library/Application Support/Code/User/workspaceStorage/60cff38366bdc71d8764f5d85cbf17cc/redhat.java/jdt_ws --pipe=/private/var/folders/g2/c6b3gt1s6_j0vv55krbn01lm0000gn/T/lsp-8bf51a5efbc863c3f04abe1addad4ca7.sock

Host: "MacBookPro16,1" x86_64 2300 MHz, 16 cores, 16G, Darwin 22.6.0, macOS 13.7 (22H123)
Time: Mon Dec 22 17:25:47 2025 +07 elapsed time: 13248.802025 seconds (0d 3h 40m 48s)

---------------  T H R E A D  ---------------

Current thread (0x00007f948780c000):  JavaThread "C1 CompilerThread0" daemon [_thread_in_vm, id=25091, stack(0x0000700006e2c000,0x0000700006f2c000) (1024K)]


Current CompileTask:
C1:13248802 21382       3       lombok.eclipse.handlers.HandleFieldDefaults::visitType (428 bytes)

Stack: [0x0000700006e2c000,0x0000700006f2c000],  sp=0x0000700006f2abe0,  free space=1018k
Native frames: (J=compiled Java code, j=interpreted, Vv=VM code, C=native code)
V  [libjvm.dylib+0xac23d4]  Symbol::increment_refcount()+0x4
V  [libjvm.dylib+0x2ee34d]  ciObjectFactory::get_symbol(Symbol*)+0x4d
V  [libjvm.dylib+0x2d37b6]  ciEnv::get_klass_by_index_impl(constantPoolHandle const&, int, bool&, ciInstanceKlass*)+0xb6
V  [libjvm.dylib+0x2d4810]  ciEnv::get_method_by_index_impl(constantPoolHandle const&, int, Bytecodes::Code, ciInstanceKlass*)+0x80
V  [libjvm.dylib+0x2f7dfa]  ciBytecodeStream::get_method(bool&, ciSignature**)+0x14a
V  [libjvm.dylib+0x21ccac]  GraphBuilder::invoke(Bytecodes::Code)+0x3c
V  [libjvm.dylib+0x220e34]  GraphBuilder::iterate_bytecodes_for_block(int)+0x454
V  [libjvm.dylib+0x224424]  GraphBuilder::iterate_all_blocks(bool)+0x94
V  [libjvm.dylib+0x225ccb]  GraphBuilder::GraphBuilder(Compilation*, IRScope*)+0x5db
V  [libjvm.dylib+0x22c1d0]  IRScope::IRScope(Compilation*, IRScope*, int, ciMethod*, int, bool)+0x140
V  [libjvm.dylib+0x22c8bf]  IR::IR(Compilation*, ciMethod*, int)+0x8f
V  [libjvm.dylib+0x20c580]  Compilation::build_hir()+0x140
V  [libjvm.dylib+0x20d7f0]  Compilation::compile_java_method()+0x100
V  [libjvm.dylib+0x20dd47]  Compilation::compile_method()+0x1a7
V  [libjvm.dylib+0x20e157]  Compilation::Compilation(AbstractCompiler*, ciEnv*, ciMethod*, int, BufferBlob*, bool, DirectiveSet*)+0x1e7
V  [libjvm.dylib+0x20ffc7]  Compiler::compile_method(ciEnv*, ciMethod*, int, bool, DirectiveSet*)+0x67
V  [libjvm.dylib+0x367cfd]  CompileBroker::invoke_compiler_on_method(CompileTask*)+0x57d
V  [libjvm.dylib+0x3674f7]  CompileBroker::compiler_thread_loop()+0x3f7
V  [libjvm.dylib+0x591819]  JavaThread::thread_main_inner()+0x99
V  [libjvm.dylib+0xb08f48]  Thread::call_run()+0xa8
V  [libjvm.dylib+0x8f593e]  thread_native_entry(Thread*)+0x10e
C  [libsystem_pthread.dylib+0x61d3]  _pthread_start+0x7d
C  [libsystem_pthread.dylib+0x1bd3]  thread_start+0xf

siginfo: si_signo: 11 (SIGSEGV), si_code: 1 (SEGV_MAPERR), si_addr: 0x00000000002d0005

Registers:
RAX=0x00000001118a6978, RBX=0x00007f9492ee5380, RCX=0x00007f9488c37580, RDX=0x0000000000000000
RSP=0x0000700006f2abe0, RBP=0x0000700006f2abe0, RSI=0x00000000002d0005, RDI=0x00000000002d0005
R8 =0x00007f9494d68780, R9 =0x0000000111968860, R10=0x0000000000000000, R11=0x000000000000001a
R12=0x0000700006f2b790, R13=0x0000700006f2acd8, R14=0x00007f9488c37560, R15=0x00000000002d0005
RIP=0x00000001115873d4, EFLAGS=0x0000000000010246, ERR=0x0000000000000004
  TRAPNO=0x000000000000000e


Register to memory mapping:

RAX=0x00000001118a6978: _ZTV8ciSymbol+0x10 in /Users/macos/.vscode/extensions/redhat.java-1.50.0-darwin-x64/jre/21.0.9-macosx-x86_64/lib/server/libjvm.dylib at 0x0000000110ac5000
RBX=0x00007f9492ee5380 points into unknown readable memory: 0x0000700006f2b798 | 98 b7 f2 06 00 70 00 00
RCX=0x00007f9488c37580 points into unknown readable memory: 0xbf800000bf800000 | 00 00 80 bf 00 00 80 bf
RDX=0x0 is null
RSP=0x0000700006f2abe0 is pointing into the stack for thread: 0x00007f948780c000
RBP=0x0000700006f2abe0 is pointing into the stack for thread: 0x00007f948780c000
RSI=0x00000000002d0005 is an unknown value
RDI=0x00000000002d0005 is an unknown value
R8 =0x00007f9494d68780 points into unknown readable memory: 0x00000001118a52d8 | d8 52 8a 11 01 00 00 00
R9 =0x0000000111968860: _ZZN9ValueType10initializeEvE18objectType_storage+0 in /Users/macos/.vscode/extensions/redhat.java-1.50.0-darwin-x64/jre/21.0.9-macosx-x86_64/lib/server/libjvm.dylib at 0x0000000110ac5000
R10=0x0 is null
R11=0x000000000000001a is an unknown value
R12=0x0000700006f2b790 is pointing into the stack for thread: 0x00007f948780c000
R13=0x0000700006f2acd8 is pointing into the stack for thread: 0x00007f948780c000
R14=0x00007f9488c37560 points into unknown readable memory: 0x00000001118a6978 | 78 69 8a 11 01 00 00 00
R15=0x00000000002d0005 is an unknown value

Top of Stack: (sp=0x0000700006f2abe0)
0x0000700006f2abe0:   0000700006f2ac10 0000000110db334d
0x0000700006f2abf0:   000000000000002c 00000000000000b6
0x0000700006f2ac00:   00007f9494d68780 0000700006f2b790
0x0000700006f2ac10:   0000700006f2ac50 0000000110d987b6
0x0000700006f2ac20:   0000700006f2ac87 00000000000000b6
0x0000700006f2ac30:   0000000000000006 0000700006f2acd8
0x0000700006f2ac40:   00007f9494d68780 0000700006f2b790
0x0000700006f2ac50:   0000700006f2acb0 0000000110d99810
0x0000700006f2ac60:   00007f9489318118 00007f9494d68780
0x0000700006f2ac70:   0000000000000100 0000700006f2b790
0x0000700006f2ac80:   00000000000000b6 00007f948780c000
0x0000700006f2ac90:   0000700006f2ada7 000000016c0e97b0
0x0000700006f2aca0:   00007f9494d6c2ff 0000700006f2ae00
0x0000700006f2acb0:   0000700006f2ad10 0000000110dbcdfa
0x0000700006f2acc0:   00007f9489311400 0000700006f2ad38
0x0000700006f2acd0:   0000700006f2b790 000000016c0e97b0
0x0000700006f2ace0:   00007f948780c000 0000700006f2b010
0x0000700006f2acf0:   00000000000000b6 00000000000000b6
0x0000700006f2ad00:   0000700006f2b018 0000000000000000
0x0000700006f2ad10:   0000700006f2add0 0000000110ce1cac
0x0000700006f2ad20:   0000700006f2ad60 0000000110d4eb70
0x0000700006f2ad30:   0000000000000000 0000000000000000
0x0000700006f2ad40:   00007f9489318328 0000000000000001
0x0000700006f2ad50:   00007f9489318328 0000000000000000
0x0000700006f2ad60:   0000700006f2add0 0000000110cdfc4a
0x0000700006f2ad70:   00007f94893193e8 000000011189c000
0x0000700006f2ad80:   00007f9489318018 0000000111898718
0x0000700006f2ad90:   0000700006f2b3a0 00007f9489318328
0x0000700006f2ada0:   000000000000000b 0000700006f2b010
0x0000700006f2adb0:   0000700006f2ae00 00000000000000b6
0x0000700006f2adc0:   0000700006f2b018 0000000000000000
0x0000700006f2add0:   0000700006f2ae90 0000000110ce5e34 

Instructions: (pc=0x00000001115873d4)
0x00000001115872d4:   75 11 48 8d 75 b8 48 89 df e8 9e fd ff ff e9 8c
0x00000001115872e4:   00 00 00 89 f8 83 e0 fe 83 f8 0c 75 69 48 63 45
0x00000001115872f4:   c0 48 8b 4d b8 0f b6 4c 01 06 31 f6 80 f9 4c 40
0x0000000111587304:   0f 94 c6 8d 3c 30 8b 55 c4 29 f2 39 d7 7d 60 45
0x0000000111587314:   31 f6 80 f9 4c 41 0f 94 c6 49 01 c6 4c 63 fa eb
0x0000000111587324:   1e 66 66 2e 0f 1f 84 00 00 00 00 00 0f be f1 48
0x0000000111587334:   89 df e8 c5 c7 e3 ff 49 ff c6 4d 39 fe 7d 30 48
0x0000000111587344:   8b 45 b8 42 0f b6 44 30 06 b9 2e 00 00 00 3c 2f
0x0000000111587354:   74 da 89 c1 eb d6 e8 21 a5 a4 ff 48 8d 35 06 55
0x0000000111587364:   1d 00 48 89 df 48 89 c2 31 c0 e8 5d c0 e3 ff 48
0x0000000111587374:   8d 7d b8 e8 d4 a0 f5 ff 48 83 c4 38 5b 41 5e 41
0x0000000111587384:   5f 5d c3 66 0f 1f 84 00 00 00 00 00 55 48 89 e5
0x0000000111587394:   8b 0f 66 2e 0f 1f 84 00 00 00 00 00 66 85 c9 74
0x00000001115873a4:   1f 0f b7 c1 b2 01 3d ff ff 00 00 74 0f 8d 71 01
0x00000001115873b4:   89 c8 f0 0f b1 37 39 c8 89 c1 75 e0 89 d0 5d c3
0x00000001115873c4:   31 d2 89 d0 5d c3 66 0f 1f 44 00 00 55 48 89 e5
0x00000001115873d4:   8b 0f 66 2e 0f 1f 84 00 00 00 00 00 66 83 f9 ff
0x00000001115873e4:   74 16 0f b7 c1 85 c0 74 11 8d 51 01 89 c8 f0 0f
0x00000001115873f4:   b1 17 39 c8 89 c1 75 e4 5d c3 e8 2d 00 00 00 48
0x0000000111587404:   8d 35 95 22 21 00 48 8d 0d b0 22 21 00 bf 00 00
0x0000000111587414:   00 e0 ba 3d 01 00 00 31 c0 e8 2e d6 8d ff 66 66
0x0000000111587424:   66 66 66 2e 0f 1f 84 00 00 00 00 00 55 48 89 e5
0x0000000111587434:   41 56 53 48 89 fb 48 8d 05 cf 14 38 00 4c 8b 30
0x0000000111587444:   48 8d 35 b5 22 21 00 4c 89 f7 31 c0 e8 7b bf e3
0x0000000111587454:   ff 48 89 df 4c 89 f6 e8 f0 e8 ff ff 48 8d 35 eb
0x0000000111587464:   73 1b 00 4c 89 f7 31 c0 e8 5f bf e3 ff 8b 03 0f
0x0000000111587474:   b7 d0 48 8d 35 8d 22 21 00 4c 89 f7 31 c0 5b 41
0x0000000111587484:   5e 5d e9 45 bf e3 ff 0f 1f 44 00 00 55 48 89 e5
0x0000000111587494:   8b 0f 66 2e 0f 1f 84 00 00 00 00 00 66 83 f9 ff
0x00000001115874a4:   74 16 0f b7 c1 85 c0 74 11 8d 51 ff 89 c8 f0 0f
0x00000001115874b4:   b1 17 39 c8 89 c1 75 e4 5d c3 e8 6d ff ff ff 48
0x00000001115874c4:   8d 35 d5 21 21 00 48 8d 0d 0a 22 21 00 bf 00 00 


Stack slot to memory mapping:

stack at sp + 0 slots: 0x0000700006f2ac10 is pointing into the stack for thread: 0x00007f948780c000
stack at sp + 1 slots: 0x0000000110db334d: _ZN15ciObjectFactory10get_symbolEP6Symbol+0x4d in /Users/macos/.vscode/extensions/redhat.java-1.50.0-darwin-x64/jre/21.0.9-macosx-x86_64/lib/server/libjvm.dylib at 0x0000000110ac5000
stack at sp + 2 slots: 0x000000000000002c is an unknown value
stack at sp + 3 slots: 0x00000000000000b6 is an unknown value
stack at sp + 4 slots: 0x00007f9494d68780 points into unknown readable memory: 0x00000001118a52d8 | d8 52 8a 11 01 00 00 00
stack at sp + 5 slots: 0x0000700006f2b790 is pointing into the stack for thread: 0x00007f948780c000
stack at sp + 6 slots: 0x0000700006f2ac50 is pointing into the stack for thread: 0x00007f948780c000
stack at sp + 7 slots: 0x0000000110d987b6: _ZN5ciEnv23get_klass_by_index_implERK18constantPoolHandleiRbP15ciInstanceKlass+0xb6 in /Users/macos/.vscode/extensions/redhat.java-1.50.0-darwin-x64/jre/21.0.9-macosx-x86_64/lib/server/libjvm.dylib at 0x0000000110ac5000


---------------  P R O C E S S  ---------------

Threads class SMR info:
_java_thread_list=0x00007f94934daa00, length=34, elements={
0x00007f9486809e00, 0x00007f948a811200, 0x00007f9487808600, 0x00007f9488011a00,
0x00007f948681e800, 0x00007f948681f000, 0x00007f948a808200, 0x00007f948780c000,
0x00007f948a00b600, 0x00007f948a02c400, 0x00007f948a03b400, 0x00007f948a02a400,
0x00007f948a02ac00, 0x00007f9491013a00, 0x00007f948b866200, 0x00007f948695aa00,
0x00007f948b858a00, 0x00007f948ab66400, 0x00007f948a8d0e00, 0x00007f9486b1e800,
0x00007f948682bc00, 0x00007f948a150a00, 0x00007f948ad5ea00, 0x00007f949207dc00,
0x00007f9489287400, 0x00007f948bafbe00, 0x00007f9488c19c00, 0x00007f948a01ea00,
0x00007f948b9c6400, 0x00007f948c047e00, 0x00007f948c048c00, 0x00007f94888be200,
0x00007f9487d65a00, 0x00007f9488990600
}

Java Threads: ( => current thread )
  0x00007f9486809e00 JavaThread "main"                              [_thread_blocked, id=10243, stack(0x0000700006308000,0x0000700006408000) (1024K)]
  0x00007f948a811200 JavaThread "Reference Handler"          daemon [_thread_blocked, id=24067, stack(0x000070000681a000,0x000070000691a000) (1024K)]
  0x00007f9487808600 JavaThread "Finalizer"                  daemon [_thread_blocked, id=32003, stack(0x000070000691d000,0x0000700006a1d000) (1024K)]
  0x00007f9488011a00 JavaThread "Signal Dispatcher"          daemon [_thread_blocked, id=31491, stack(0x0000700006a20000,0x0000700006b20000) (1024K)]
  0x00007f948681e800 JavaThread "Service Thread"             daemon [_thread_blocked, id=24835, stack(0x0000700006b23000,0x0000700006c23000) (1024K)]
  0x00007f948681f000 JavaThread "Monitor Deflation Thread"   daemon [_thread_blocked, id=30979, stack(0x0000700006c26000,0x0000700006d26000) (1024K)]
  0x00007f948a808200 JavaThread "C2 CompilerThread0"         daemon [_thread_in_native, id=30467, stack(0x0000700006d29000,0x0000700006e29000) (1024K)]
=>0x00007f948780c000 JavaThread "C1 CompilerThread0"         daemon [_thread_in_vm, id=25091, stack(0x0000700006e2c000,0x0000700006f2c000) (1024K)]
  0x00007f948a00b600 JavaThread "Common-Cleaner"             daemon [_thread_blocked, id=29699, stack(0x0000700006f2f000,0x000070000702f000) (1024K)]
  0x00007f948a02c400 JavaThread "Notification Thread"        daemon [_thread_blocked, id=29443, stack(0x0000700007032000,0x0000700007132000) (1024K)]
  0x00007f948a03b400 JavaThread "Active Thread: Equinox Container: dd680d1f-5eb4-4dc0-9de5-8d5735d8718a"        [_thread_blocked, id=43011, stack(0x0000700007a50000,0x0000700007b50000) (1024K)]
  0x00007f948a02a400 JavaThread "Framework Event Dispatcher: Equinox Container: dd680d1f-5eb4-4dc0-9de5-8d5735d8718a" daemon [_thread_blocked, id=33795, stack(0x0000700007b53000,0x0000700007c53000) (1024K)]
  0x00007f948a02ac00 JavaThread "Start Level: Equinox Container: dd680d1f-5eb4-4dc0-9de5-8d5735d8718a" daemon [_thread_blocked, id=34307, stack(0x0000700007c56000,0x0000700007d56000) (1024K)]
  0x00007f9491013a00 JavaThread "Refresh Thread: Equinox Container: dd680d1f-5eb4-4dc0-9de5-8d5735d8718a" daemon [_thread_blocked, id=42499, stack(0x0000700007e5c000,0x0000700007f5c000) (1024K)]
  0x00007f948b866200 JavaThread "Bundle File Closer"         daemon [_thread_blocked, id=50179, stack(0x0000700008a80000,0x0000700008b80000) (1024K)]
  0x00007f948695aa00 JavaThread "SCR Component Actor"        daemon [_thread_blocked, id=56067, stack(0x0000700008b83000,0x0000700008c83000) (1024K)]
  0x00007f948b858a00 JavaThread "Worker-JM"                         [_thread_blocked, id=55555, stack(0x0000700008d89000,0x0000700008e89000) (1024K)]
  0x00007f948ab66400 JavaThread "Java indexing"              daemon [_thread_blocked, id=53507, stack(0x00007000096a4000,0x00007000097a4000) (1024K)]
  0x00007f948a8d0e00 JavaThread "pool-2-thread-1"                   [_thread_blocked, id=66051, stack(0x00007000099ad000,0x0000700009aad000) (1024K)]
  0x00007f9486b1e800 JavaThread "WorkspaceEventsHandler"            [_thread_blocked, id=86019, stack(0x0000700009ab0000,0x0000700009bb0000) (1024K)]
  0x00007f948682bc00 JavaThread "pool-1-thread-1"                   [_thread_in_native, id=66563, stack(0x0000700009bb3000,0x0000700009cb3000) (1024K)]
  0x00007f948a150a00 JavaThread "Attach Listener"            daemon [_thread_blocked, id=68103, stack(0x000070000a1ec000,0x000070000a2ec000) (1024K)]
  0x00007f948ad5ea00 JavaThread "Cleaner-0"                  daemon [_thread_blocked, id=84235, stack(0x0000700007f5f000,0x000070000805f000) (1024K)]
  0x00007f949207dc00 JavaThread "Worker-22"                         [_thread_blocked, id=70171, stack(0x0000700008268000,0x0000700008368000) (1024K)]
  0x00007f9489287400 JavaThread "Worker-26"                         [_thread_blocked, id=78103, stack(0x0000700007747000,0x0000700007847000) (1024K)]
  0x00007f948bafbe00 JavaThread "Compiler Source File Reader" daemon [_thread_blocked, id=68651, stack(0x000070000784a000,0x000070000794a000) (1024K)]
  0x00007f9488c19c00 JavaThread "Compiler Source File Reader" daemon [_thread_blocked, id=79379, stack(0x0000700008062000,0x0000700008162000) (1024K)]
  0x00007f948a01ea00 JavaThread "ForkJoinPool.commonPool-worker-51" daemon [_thread_blocked, id=36111, stack(0x000070000743e000,0x000070000753e000) (1024K)]
  0x00007f948b9c6400 JavaThread "ForkJoinPool.commonPool-worker-52" daemon [_thread_blocked, id=26419, stack(0x0000700007541000,0x0000700007641000) (1024K)]
  0x00007f948c047e00 JavaThread "Compiler Source File Reader" daemon [_thread_blocked, id=78883, stack(0x0000700007644000,0x0000700007744000) (1024K)]
  0x00007f948c048c00 JavaThread "Compiler Processing Task"   daemon [_thread_blocked, id=73739, stack(0x000070000794d000,0x0000700007a4d000) (1024K)]
  0x00007f94888be200 JavaThread "Worker-27"                         [_thread_blocked, id=28191, stack(0x0000700008165000,0x0000700008265000) (1024K)]
  0x00007f9487d65a00 JavaThread "Compiler Source File Reader" daemon [_thread_blocked, id=78611, stack(0x000070000836b000,0x000070000846b000) (1024K)]
  0x00007f9488990600 JavaThread "Worker-28"                         [_thread_blocked, id=81679, stack(0x000070000846e000,0x000070000856e000) (1024K)]
Total: 34

Other Threads:
  0x00007f948670eb10 VMThread "VM Thread"                           [id=21251, stack(0x0000700006611000,0x0000700006711000) (1024K)]
  0x00007f9487606850 WatcherThread "VM Periodic Task Thread"        [id=14339, stack(0x000070000650e000,0x000070000660e000) (1024K)]
  0x00007f94899048c0 WorkerThread "GC Thread#0"                     [id=15107, stack(0x000070000640b000,0x000070000650b000) (1024K)]
  0x00007f948992d880 WorkerThread "GC Thread#1"                     [id=28931, stack(0x0000700007135000,0x0000700007235000) (1024K)]
  0x00007f94867227a0 WorkerThread "GC Thread#2"                     [id=25859, stack(0x0000700007238000,0x0000700007338000) (1024K)]
  0x00007f9486723100 WorkerThread "GC Thread#3"                     [id=28419, stack(0x000070000733b000,0x000070000743b000) (1024K)]
  0x00007f948994cb10 WorkerThread "GC Thread#4"                     [id=42755, stack(0x0000700007d59000,0x0000700007e59000) (1024K)]
  0x00007f9487067030 WorkerThread "GC Thread#5"                     [id=56591, stack(0x000070000897d000,0x0000700008a7d000) (1024K)]
  0x00007f9486788540 WorkerThread "GC Thread#6"                     [id=55811, stack(0x0000700008c86000,0x0000700008d86000) (1024K)]
  0x00007f948759f640 WorkerThread "GC Thread#7"                     [id=55299, stack(0x0000700008e8c000,0x0000700008f8c000) (1024K)]
  0x00007f94899dc850 WorkerThread "GC Thread#8"                     [id=51203, stack(0x0000700008f8f000,0x000070000908f000) (1024K)]
  0x00007f94876dfe40 WorkerThread "GC Thread#9"                     [id=51971, stack(0x0000700009298000,0x0000700009398000) (1024K)]
  0x00007f94872aca30 WorkerThread "GC Thread#10"                    [id=54019, stack(0x000070000939b000,0x000070000949b000) (1024K)]
  0x00007f94872cb900 WorkerThread "GC Thread#11"                    [id=52739, stack(0x000070000949e000,0x000070000959e000) (1024K)]
  0x00007f94871d6450 WorkerThread "GC Thread#12"                    [id=53251, stack(0x00007000095a1000,0x00007000096a1000) (1024K)]
Total: 15

Threads with active compile tasks:
C2 CompilerThread0  13248830 21353       4       org.eclipse.core.internal.resources.MarkerSet::remove (135 bytes)
C1 CompilerThread0  13248830 21382       3       lombok.eclipse.handlers.HandleFieldDefaults::visitType (428 bytes)
Total: 2

VM state: not at safepoint (normal execution)

VM Mutex/Monitor currently owned by a thread: None

Heap address: 0x0000000780000000, size: 2048 MB, Compressed Oops mode: Zero based, Oop shift amount: 3

CDS archive(s) mapped at: [0x0000000128000000-0x0000000128bb6000-0x0000000128bb6000), size 12279808, SharedBaseAddress: 0x0000000128000000, ArchiveRelocationMode: 1.
Compressed class space mapped at: 0x0000000129000000-0x0000000169000000, reserved size: 1073741824
Narrow klass base: 0x0000000128000000, Narrow klass shift: 0, Narrow klass range: 0x100000000

GC Precious Log:
 CardTable entry size: 512
 CPUs: 16 total, 16 available
 Memory: 16384M
 Large Page Support: Disabled
 NUMA Support: Disabled
 Compressed Oops: Enabled (Zero based)
 Alignments: Space 512K, Generation 512K, Heap 2M
 Heap Min Capacity: 100M
 Heap Initial Capacity: 100M
 Heap Max Capacity: 2G
 Pre-touch: Disabled
 Parallel Workers: 13

Heap:
 PSYoungGen      total 5632K, used 4678K [0x00000007d5580000, 0x00000007d5f80000, 0x0000000800000000)
  eden space 4608K, 79% used [0x00000007d5580000,0x00000007d5911960,0x00000007d5a00000)
  from space 1024K, 100% used [0x00000007d5a00000,0x00000007d5b00000,0x00000007d5b00000)
  to   space 2560K, 0% used [0x00000007d5d00000,0x00000007d5d00000,0x00000007d5f80000)
 ParOldGen       total 473600K, used 336134K [0x0000000780000000, 0x000000079ce80000, 0x00000007d5580000)
  object space 473600K, 70% used [0x0000000780000000,0x0000000794841b98,0x000000079ce80000)
 Metaspace       used 77289K, committed 78784K, reserved 1179648K
  class space    used 7776K, committed 8448K, reserved 1048576K

Card table byte_map: [0x000000010f800000,0x000000010fc01000] _byte_map_base: 0x000000010bc00000

Marking Bits: (ParMarkBitMap*) 0x000000011193cb50
 Begin Bits: [0x0000000123f8a000, 0x0000000125f8a000)
 End Bits:   [0x0000000125f8a000, 0x0000000127f8a000)

Polling page: 0x00000001073f7000

Metaspace:

Usage:
  Non-class:     67.88 MB used.
      Class:      7.59 MB used.
       Both:     75.48 MB used.

Virtual space:
  Non-class space:      128.00 MB reserved,      68.69 MB ( 54%) committed,  2 nodes.
      Class space:        1.00 GB reserved,       8.25 MB ( <1%) committed,  1 nodes.
             Both:        1.12 GB reserved,      76.94 MB (  7%) committed. 

Chunk freelists:
   Non-Class:  10.89 MB
       Class:  7.81 MB
        Both:  18.70 MB

MaxMetaspaceSize: unlimited
CompressedClassSpaceSize: 1.00 GB
Initial GC threshold: 21.00 MB
Current GC threshold: 125.62 MB
CDS: on
 - commit_granule_bytes: 65536.
 - commit_granule_words: 8192.
 - virtual_space_node_default_size: 8388608.
 - enlarge_chunks_in_place: 1.
 - use_allocation_guard: 0.


Internal statistics:

num_allocs_failed_limit: 9.
num_arena_births: 1450.
num_arena_deaths: 378.
num_vsnodes_births: 3.
num_vsnodes_deaths: 0.
num_space_committed: 1231.
num_space_uncommitted: 0.
num_chunks_returned_to_freelist: 443.
num_chunks_taken_from_freelist: 5147.
num_chunk_merges: 120.
num_chunk_splits: 3006.
num_chunks_enlarged: 1716.
num_inconsistent_stats: 0.

CodeHeap 'non-profiled nmethods': size=119168Kb used=14961Kb max_used=14961Kb free=104206Kb
 bounds [0x000000011cb2a000, 0x000000011d9ca000, 0x0000000123f8a000]
CodeHeap 'profiled nmethods': size=119164Kb used=44768Kb max_used=44768Kb free=74395Kb
 bounds [0x0000000114f8a000, 0x0000000117b4a000, 0x000000011c3e9000]
CodeHeap 'non-nmethods': size=7428Kb used=1491Kb max_used=3287Kb free=5936Kb
 bounds [0x000000011c3e9000, 0x000000011c729000, 0x000000011cb2a000]
CodeCache: size=245760Kb, used=61220Kb, max_used=63016Kb, free=184537Kb
 total_blobs=20198, nmethods=19383, adapters=717, full_count=0
Compilation: enabled, stopped_count=0, restarted_count=0

Compilation events (20 events):
Event: 13248.764 Thread 0x00007f948780c000 nmethod 21368 0x0000000117b3c890 code [0x0000000117b3cac0, 0x0000000117b3d620]
Event: 13248.765 Thread 0x00007f948a808200 nmethod 21360 0x000000011d9c1890 code [0x000000011d9c1a20, 0x000000011d9c1c40]
Event: 13248.765 Thread 0x00007f948a808200 21344       4       org.eclipse.jdt.internal.compiler.lookup.SplitPackageBinding::getPackage0 (109 bytes)
Event: 13248.770 Thread 0x00007f948780c000 21370       3       org.eclipse.jdt.internal.compiler.lookup.SourceTypeBinding::storedAnnotations (89 bytes)
Event: 13248.770 Thread 0x00007f948780c000 nmethod 21370 0x0000000117b3d990 code [0x0000000117b3dba0, 0x0000000117b3e2c0]
Event: 13248.778 Thread 0x00007f948780c000 21371  s    3       org.eclipse.jdt.core.dom.DefaultBindingResolver::getMethodOrLambdaBinding (131 bytes)
Event: 13248.780 Thread 0x00007f948780c000 nmethod 21371 0x0000000117b3e590 code [0x0000000117b3e7e0, 0x0000000117b3f430]
Event: 13248.780 Thread 0x00007f948780c000 21376       3       org.eclipse.jdt.core.dom.ASTConverter::convert (91 bytes)
Event: 13248.783 Thread 0x00007f948780c000 nmethod 21376 0x0000000117b3f790 code [0x0000000117b3fa80, 0x0000000117b40b80]
Event: 13248.784 Thread 0x00007f948780c000 21380       3       org.eclipse.jdt.internal.corext.dom.GenericVisitor::visit (6 bytes)
Event: 13248.788 Thread 0x00007f948780c000 nmethod 21380 0x0000000117b40e90 code [0x0000000117b41040, 0x0000000117b41200]
Event: 13248.788 Thread 0x00007f948780c000 21381       3       org.eclipse.jdt.internal.corext.dom.GenericVisitor::endVisit (6 bytes)
Event: 13248.788 Thread 0x00007f948780c000 nmethod 21381 0x0000000117b41290 code [0x0000000117b41420, 0x0000000117b415f8]
Event: 13248.788 Thread 0x00007f948780c000 21375       3       org.eclipse.jdt.core.dom.BooleanLiteral::setBooleanValue (20 bytes)
Event: 13248.789 Thread 0x00007f948780c000 nmethod 21375 0x0000000117b41710 code [0x0000000117b418c0, 0x0000000117b41ad8]
Event: 13248.789 Thread 0x00007f948780c000 21377       3       org.eclipse.jdt.core.dom.DefaultASTVisitor::endVisit (6 bytes)
Event: 13248.789 Thread 0x00007f948780c000 nmethod 21377 0x0000000117b41c10 code [0x0000000117b41dc0, 0x0000000117b41f80]
Event: 13248.789 Thread 0x00007f948780c000 21374       3       org.eclipse.jdt.core.dom.NodeEventHandler::postRemoveChildEvent (1 bytes)
Event: 13248.789 Thread 0x00007f948780c000 nmethod 21374 0x0000000117b42010 code [0x0000000117b421a0, 0x0000000117b422a0]
Event: 13248.789 Thread 0x00007f948780c000 21382       3       lombok.eclipse.handlers.HandleFieldDefaults::visitType (428 bytes)

GC Heap History (20 events):
Event: 13248.566 GC heap before
{Heap before GC invocations=1294 (full 4):
 PSYoungGen      total 8192K, used 7912K [0x00000007d5580000, 0x00000007d6080000, 0x0000000800000000)
  eden space 5120K, 99% used [0x00000007d5580000,0x00000007d5a7f450,0x00000007d5a80000)
  from space 3072K, 90% used [0x00000007d5a80000,0x00000007d5d3ad30,0x00000007d5d80000)
  to   space 3072K, 0% used [0x00000007d5d80000,0x00000007d5d80000,0x00000007d6080000)
 ParOldGen       total 473600K, used 324455K [0x0000000780000000, 0x000000079ce80000, 0x00000007d5580000)
  object space 473600K, 68% used [0x0000000780000000,0x0000000793cd9f60,0x000000079ce80000)
 Metaspace       used 77278K, committed 78784K, reserved 1179648K
  class space    used 7776K, committed 8448K, reserved 1048576K
}
Event: 13248.594 GC heap after
{Heap after GC invocations=1294 (full 4):
 PSYoungGen      total 3584K, used 3064K [0x00000007d5580000, 0x00000007d6980000, 0x0000000800000000)
  eden space 512K, 0% used [0x00000007d5580000,0x00000007d5580000,0x00000007d5600000)
  from space 3072K, 99% used [0x00000007d5d80000,0x00000007d607e020,0x00000007d6080000)
  to   space 7680K, 0% used [0x00000007d5600000,0x00000007d5600000,0x00000007d5d80000)
 ParOldGen       total 473600K, used 328051K [0x0000000780000000, 0x000000079ce80000, 0x00000007d5580000)
  object space 473600K, 69% used [0x0000000780000000,0x000000079405cd08,0x000000079ce80000)
 Metaspace       used 77278K, committed 78784K, reserved 1179648K
  class space    used 7776K, committed 8448K, reserved 1048576K
}
Event: 13248.601 GC heap before
{Heap before GC invocations=1295 (full 4):
 PSYoungGen      total 3584K, used 3576K [0x00000007d5580000, 0x00000007d6980000, 0x0000000800000000)
  eden space 512K, 99% used [0x00000007d5580000,0x00000007d55ffff8,0x00000007d5600000)
  from space 3072K, 99% used [0x00000007d5d80000,0x00000007d607e020,0x00000007d6080000)
  to   space 7680K, 0% used [0x00000007d5600000,0x00000007d5600000,0x00000007d5d80000)
 ParOldGen       total 473600K, used 328051K [0x0000000780000000, 0x000000079ce80000, 0x00000007d5580000)
  object space 473600K, 69% used [0x0000000780000000,0x000000079405cd08,0x000000079ce80000)
 Metaspace       used 77278K, committed 78784K, reserved 1179648K
  class space    used 7776K, committed 8448K, reserved 1048576K
}
Event: 13248.620 GC heap after
{Heap after GC invocations=1295 (full 4):
 PSYoungGen      total 1536K, used 632K [0x00000007d5580000, 0x00000007d5e00000, 0x0000000800000000)
  eden space 512K, 0% used [0x00000007d5580000,0x00000007d5580000,0x00000007d5600000)
  from space 1024K, 61% used [0x00000007d5600000,0x00000007d569e000,0x00000007d5700000)
  to   space 3072K, 0% used [0x00000007d5b00000,0x00000007d5b00000,0x00000007d5e00000)
 ParOldGen       total 473600K, used 331183K [0x0000000780000000, 0x000000079ce80000, 0x00000007d5580000)
  object space 473600K, 69% used [0x0000000780000000,0x000000079436bd58,0x000000079ce80000)
 Metaspace       used 77278K, committed 78784K, reserved 1179648K
  class space    used 7776K, committed 8448K, reserved 1048576K
}
Event: 13248.630 GC heap before
{Heap before GC invocations=1296 (full 4):
 PSYoungGen      total 1536K, used 1143K [0x00000007d5580000, 0x00000007d5e00000, 0x0000000800000000)
  eden space 512K, 99% used [0x00000007d5580000,0x00000007d55fff00,0x00000007d5600000)
  from space 1024K, 61% used [0x00000007d5600000,0x00000007d569e000,0x00000007d5700000)
  to   space 3072K, 0% used [0x00000007d5b00000,0x00000007d5b00000,0x00000007d5e00000)
 ParOldGen       total 473600K, used 331183K [0x0000000780000000, 0x000000079ce80000, 0x00000007d5580000)
  object space 473600K, 69% used [0x0000000780000000,0x000000079436bd58,0x000000079ce80000)
 Metaspace       used 77278K, committed 78784K, reserved 1179648K
  class space    used 7776K, committed 8448K, reserved 1048576K
}
Event: 13248.637 GC heap after
{Heap after GC invocations=1296 (full 4):
 PSYoungGen      total 1536K, used 384K [0x00000007d5580000, 0x00000007d5b80000, 0x0000000800000000)
  eden space 1024K, 0% used [0x00000007d5580000,0x00000007d5580000,0x00000007d5680000)
  from space 512K, 75% used [0x00000007d5b00000,0x00000007d5b60000,0x00000007d5b80000)
  to   space 1024K, 0% used [0x00000007d5980000,0x00000007d5980000,0x00000007d5a80000)
 ParOldGen       total 473600K, used 331863K [0x0000000780000000, 0x000000079ce80000, 0x00000007d5580000)
  object space 473600K, 70% used [0x0000000780000000,0x0000000794415d58,0x000000079ce80000)
 Metaspace       used 77278K, committed 78784K, reserved 1179648K
  class space    used 7776K, committed 8448K, reserved 1048576K
}
Event: 13248.656 GC heap before
{Heap before GC invocations=1297 (full 4):
 PSYoungGen      total 1536K, used 1408K [0x00000007d5580000, 0x00000007d5b80000, 0x0000000800000000)
  eden space 1024K, 100% used [0x00000007d5580000,0x00000007d5680000,0x00000007d5680000)
  from space 512K, 75% used [0x00000007d5b00000,0x00000007d5b60000,0x00000007d5b80000)
  to   space 1024K, 0% used [0x00000007d5980000,0x00000007d5980000,0x00000007d5a80000)
 ParOldGen       total 473600K, used 331863K [0x0000000780000000, 0x000000079ce80000, 0x00000007d5580000)
  object space 473600K, 70% used [0x0000000780000000,0x0000000794415d58,0x000000079ce80000)
 Metaspace       used 77280K, committed 78784K, reserved 1179648K
  class space    used 7776K, committed 8448K, reserved 1048576K
}
Event: 13248.659 GC heap after
{Heap after GC invocations=1297 (full 4):
 PSYoungGen      total 2560K, used 608K [0x00000007d5580000, 0x00000007d5b80000, 0x0000000800000000)
  eden space 1536K, 0% used [0x00000007d5580000,0x00000007d5580000,0x00000007d5700000)
  from space 1024K, 59% used [0x00000007d5980000,0x00000007d5a18000,0x00000007d5a80000)
  to   space 1024K, 0% used [0x00000007d5a80000,0x00000007d5a80000,0x00000007d5b80000)
 ParOldGen       total 473600K, used 332039K [0x0000000780000000, 0x000000079ce80000, 0x00000007d5580000)
  object space 473600K, 70% used [0x0000000780000000,0x0000000794441d58,0x000000079ce80000)
 Metaspace       used 77280K, committed 78784K, reserved 1179648K
  class space    used 7776K, committed 8448K, reserved 1048576K
}
Event: 13248.669 GC heap before
{Heap before GC invocations=1298 (full 4):
 PSYoungGen      total 2560K, used 2144K [0x00000007d5580000, 0x00000007d5b80000, 0x0000000800000000)
  eden space 1536K, 100% used [0x00000007d5580000,0x00000007d5700000,0x00000007d5700000)
  from space 1024K, 59% used [0x00000007d5980000,0x00000007d5a18000,0x00000007d5a80000)
  to   space 1024K, 0% used [0x00000007d5a80000,0x00000007d5a80000,0x00000007d5b80000)
 ParOldGen       total 473600K, used 332039K [0x0000000780000000, 0x000000079ce80000, 0x00000007d5580000)
  object space 473600K, 70% used [0x0000000780000000,0x0000000794441d58,0x000000079ce80000)
 Metaspace       used 77280K, committed 78784K, reserved 1179648K
  class space    used 7776K, committed 8448K, reserved 1048576K
}
Event: 13248.675 GC heap after
{Heap after GC invocations=1298 (full 4):
 PSYoungGen      total 3072K, used 692K [0x00000007d5580000, 0x00000007d5b80000, 0x0000000800000000)
  eden space 2048K, 0% used [0x00000007d5580000,0x00000007d5580000,0x00000007d5780000)
  from space 1024K, 67% used [0x00000007d5a80000,0x00000007d5b2d058,0x00000007d5b80000)
  to   space 1024K, 0% used [0x00000007d5980000,0x00000007d5980000,0x00000007d5a80000)
 ParOldGen       total 473600K, used 332443K [0x0000000780000000, 0x000000079ce80000, 0x00000007d5580000)
  object space 473600K, 70% used [0x0000000780000000,0x00000007944a6cc0,0x000000079ce80000)
 Metaspace       used 77280K, committed 78784K, reserved 1179648K
  class space    used 7776K, committed 8448K, reserved 1048576K
}
Event: 13248.682 GC heap before
{Heap before GC invocations=1299 (full 4):
 PSYoungGen      total 3072K, used 2740K [0x00000007d5580000, 0x00000007d5b80000, 0x0000000800000000)
  eden space 2048K, 100% used [0x00000007d5580000,0x00000007d5780000,0x00000007d5780000)
  from space 1024K, 67% used [0x00000007d5a80000,0x00000007d5b2d058,0x00000007d5b80000)
  to   space 1024K, 0% used [0x00000007d5980000,0x00000007d5980000,0x00000007d5a80000)
 ParOldGen       total 473600K, used 332443K [0x0000000780000000, 0x000000079ce80000, 0x00000007d5580000)
  object space 473600K, 70% used [0x0000000780000000,0x00000007944a6cc0,0x000000079ce80000)
 Metaspace       used 77280K, committed 78784K, reserved 1179648K
  class space    used 7776K, committed 8448K, reserved 1048576K
}
Event: 13248.686 GC heap after
{Heap after GC invocations=1299 (full 4):
 PSYoungGen      total 3584K, used 992K [0x00000007d5580000, 0x00000007d5b00000, 0x0000000800000000)
  eden space 2560K, 0% used [0x00000007d5580000,0x00000007d5580000,0x00000007d5800000)
  from space 1024K, 96% used [0x00000007d5980000,0x00000007d5a78000,0x00000007d5a80000)
  to   space 512K, 0% used [0x00000007d5a80000,0x00000007d5a80000,0x00000007d5b00000)
 ParOldGen       total 473600K, used 333031K [0x0000000780000000, 0x000000079ce80000, 0x00000007d5580000)
  object space 473600K, 70% used [0x0000000780000000,0x0000000794539cf0,0x000000079ce80000)
 Metaspace       used 77280K, committed 78784K, reserved 1179648K
  class space    used 7776K, committed 8448K, reserved 1048576K
}
Event: 13248.704 GC heap before
{Heap before GC invocations=1300 (full 4):
 PSYoungGen      total 3584K, used 3551K [0x00000007d5580000, 0x00000007d5b00000, 0x0000000800000000)
  eden space 2560K, 99% used [0x00000007d5580000,0x00000007d57fffe8,0x00000007d5800000)
  from space 1024K, 96% used [0x00000007d5980000,0x00000007d5a78000,0x00000007d5a80000)
  to   space 512K, 0% used [0x00000007d5a80000,0x00000007d5a80000,0x00000007d5b00000)
 ParOldGen       total 473600K, used 333031K [0x0000000780000000, 0x000000079ce80000, 0x00000007d5580000)
  object space 473600K, 70% used [0x0000000780000000,0x0000000794539cf0,0x000000079ce80000)
 Metaspace       used 77282K, committed 78784K, reserved 1179648K
  class space    used 7776K, committed 8448K, reserved 1048576K
}
Event: 13248.710 GC heap after
{Heap after GC invocations=1300 (full 4):
 PSYoungGen      total 3584K, used 509K [0x00000007d5580000, 0x00000007d5c80000, 0x0000000800000000)
  eden space 3072K, 0% used [0x00000007d5580000,0x00000007d5580000,0x00000007d5880000)
  from space 512K, 99% used [0x00000007d5a80000,0x00000007d5aff6c0,0x00000007d5b00000)
  to   space 2048K, 0% used [0x00000007d5880000,0x00000007d5880000,0x00000007d5a80000)
 ParOldGen       total 473600K, used 334217K [0x0000000780000000, 0x000000079ce80000, 0x00000007d5580000)
  object space 473600K, 70% used [0x0000000780000000,0x0000000794662560,0x000000079ce80000)
 Metaspace       used 77282K, committed 78784K, reserved 1179648K
  class space    used 7776K, committed 8448K, reserved 1048576K
}
Event: 13248.726 GC heap before
{Heap before GC invocations=1301 (full 4):
 PSYoungGen      total 3584K, used 3572K [0x00000007d5580000, 0x00000007d5c80000, 0x0000000800000000)
  eden space 3072K, 99% used [0x00000007d5580000,0x00000007d587da70,0x00000007d5880000)
  from space 512K, 99% used [0x00000007d5a80000,0x00000007d5aff6c0,0x00000007d5b00000)
  to   space 2048K, 0% used [0x00000007d5880000,0x00000007d5880000,0x00000007d5a80000)
 ParOldGen       total 473600K, used 334217K [0x0000000780000000, 0x000000079ce80000, 0x00000007d5580000)
  object space 473600K, 70% used [0x0000000780000000,0x0000000794662560,0x000000079ce80000)
 Metaspace       used 77288K, committed 78784K, reserved 1179648K
  class space    used 7776K, committed 8448K, reserved 1048576K
}
Event: 13248.728 GC heap after
{Heap after GC invocations=1301 (full 4):
 PSYoungGen      total 5120K, used 1248K [0x00000007d5580000, 0x00000007d5c80000, 0x0000000800000000)
  eden space 3072K, 0% used [0x00000007d5580000,0x00000007d5580000,0x00000007d5880000)
  from space 2048K, 60% used [0x00000007d5880000,0x00000007d59b8000,0x00000007d5a80000)
  to   space 1536K, 0% used [0x00000007d5b00000,0x00000007d5b00000,0x00000007d5c80000)
 ParOldGen       total 473600K, used 334728K [0x0000000780000000, 0x000000079ce80000, 0x00000007d5580000)
  object space 473600K, 70% used [0x0000000780000000,0x00000007946e2038,0x000000079ce80000)
 Metaspace       used 77288K, committed 78784K, reserved 1179648K
  class space    used 7776K, committed 8448K, reserved 1048576K
}
Event: 13248.743 GC heap before
{Heap before GC invocations=1302 (full 4):
 PSYoungGen      total 5120K, used 4320K [0x00000007d5580000, 0x00000007d5c80000, 0x0000000800000000)
  eden space 3072K, 100% used [0x00000007d5580000,0x00000007d5880000,0x00000007d5880000)
  from space 2048K, 60% used [0x00000007d5880000,0x00000007d59b8000,0x00000007d5a80000)
  to   space 1536K, 0% used [0x00000007d5b00000,0x00000007d5b00000,0x00000007d5c80000)
 ParOldGen       total 473600K, used 334728K [0x0000000780000000, 0x000000079ce80000, 0x00000007d5580000)
  object space 473600K, 70% used [0x0000000780000000,0x00000007946e2038,0x000000079ce80000)
 Metaspace       used 77288K, committed 78784K, reserved 1179648K
  class space    used 7776K, committed 8448K, reserved 1048576K
}
Event: 13248.747 GC heap after
{Heap after GC invocations=1302 (full 4):
 PSYoungGen      total 5120K, used 788K [0x00000007d5580000, 0x00000007d5c00000, 0x0000000800000000)
  eden space 4096K, 0% used [0x00000007d5580000,0x00000007d5580000,0x00000007d5980000)
  from space 1024K, 76% used [0x00000007d5b00000,0x00000007d5bc5058,0x00000007d5c00000)
  to   space 1024K, 0% used [0x00000007d5a00000,0x00000007d5a00000,0x00000007d5b00000)
 ParOldGen       total 473600K, used 335116K [0x0000000780000000, 0x000000079ce80000, 0x00000007d5580000)
  object space 473600K, 70% used [0x0000000780000000,0x0000000794743340,0x000000079ce80000)
 Metaspace       used 77288K, committed 78784K, reserved 1179648K
  class space    used 7776K, committed 8448K, reserved 1048576K
}
Event: 13248.784 GC heap before
{Heap before GC invocations=1303 (full 4):
 PSYoungGen      total 5120K, used 4884K [0x00000007d5580000, 0x00000007d5c00000, 0x0000000800000000)
  eden space 4096K, 100% used [0x00000007d5580000,0x00000007d5980000,0x00000007d5980000)
  from space 1024K, 76% used [0x00000007d5b00000,0x00000007d5bc5058,0x00000007d5c00000)
  to   space 1024K, 0% used [0x00000007d5a00000,0x00000007d5a00000,0x00000007d5b00000)
 ParOldGen       total 473600K, used 335116K [0x0000000780000000, 0x000000079ce80000, 0x00000007d5580000)
  object space 473600K, 70% used [0x0000000780000000,0x0000000794743340,0x000000079ce80000)
 Metaspace       used 77288K, committed 78784K, reserved 1179648K
  class space    used 7776K, committed 8448K, reserved 1048576K
}
Event: 13248.788 GC heap after
{Heap after GC invocations=1303 (full 4):
 PSYoungGen      total 5632K, used 1024K [0x00000007d5580000, 0x00000007d5f80000, 0x0000000800000000)
  eden space 4608K, 0% used [0x00000007d5580000,0x00000007d5580000,0x00000007d5a00000)
  from space 1024K, 100% used [0x00000007d5a00000,0x00000007d5b00000,0x00000007d5b00000)
  to   space 2560K, 0% used [0x00000007d5d00000,0x00000007d5d00000,0x00000007d5f80000)
 ParOldGen       total 473600K, used 336134K [0x0000000780000000, 0x000000079ce80000, 0x00000007d5580000)
  object space 473600K, 70% used [0x0000000780000000,0x0000000794841b98,0x000000079ce80000)
 Metaspace       used 77288K, committed 78784K, reserved 1179648K
  class space    used 7776K, committed 8448K, reserved 1048576K
}

Dll operation events (20 events):
Event: 5.891 Loaded shared library /Users/macos/.vscode/extensions/redhat.java-1.50.0-darwin-x64/jre/21.0.9-macosx-x86_64/lib/libverify.dylib
Event: 6.214 Loaded shared library /Users/macos/.vscode/extensions/redhat.java-1.50.0-darwin-x64/jre/21.0.9-macosx-x86_64/lib/libnet.dylib
Event: 8.290 Loaded shared library /Users/macos/Library/Application Support/Code/User/globalStorage/redhat.java/1.50.0/config_mac/org.eclipse.equinox.launcher/org.eclipse.equinox.launcher.cocoa.macosx.x86_64_1.2.1400.v20250801-0854/eclipse_11916.so
Event: 9.186 Loaded shared library /Users/macos/.vscode/extensions/redhat.java-1.50.0-darwin-x64/jre/21.0.9-macosx-x86_64/lib/libmanagement.dylib
Event: 9.458 Loaded shared library /Users/macos/.vscode/extensions/redhat.java-1.50.0-darwin-x64/jre/21.0.9-macosx-x86_64/lib/libmanagement_ext.dylib
Event: 12.154 Loading shared library /Users/macos/.vscode/extensions/redhat.java-1.50.0-darwin-x64/jre/21.0.9-macosx-x86_64/lib/libunixfile_1_0_0.dylib failed, dlopen(/Users/macos/.vscode/extensions/redhat.java-1.50.0-darwin-x64/jre/21.0.9-macosx-x86_64/lib/libunixfile
Event: 12.154 Loading shared library /Users/macos/.vscode/extensions/redhat.java-1.50.0-darwin-x64/jre/21.0.9-macosx-x86_64/lib/libunixfile_1_0_0.jnilib failed, dlopen(/Users/macos/.vscode/extensions/redhat.java-1.50.0-darwin-x64/jre/21.0.9-macosx-x86_64/lib/libunixfil
Event: 12.154 Loading shared library /Users/macos/Library/Java/Extensions/libunixfile_1_0_0.dylib failed, dlopen(/Users/macos/Library/Java/Extensions/libunixfile_1_0_0.dylib, 0x0001): tried: '/Users/macos/Library/Java/Extensions/libunixfile_1_0_0.dylib' (no such file),
Event: 12.155 Loading shared library /Users/macos/Library/Java/Extensions/libunixfile_1_0_0.jnilib failed, dlopen(/Users/macos/Library/Java/Extensions/libunixfile_1_0_0.jnilib, 0x0001): tried: '/Users/macos/Library/Java/Extensions/libunixfile_1_0_0.jnilib' (no such fil
Event: 12.155 Loading shared library /Library/Java/Extensions/libunixfile_1_0_0.dylib failed, dlopen(/Library/Java/Extensions/libunixfile_1_0_0.dylib, 0x0001): tried: '/Library/Java/Extensions/libunixfile_1_0_0.dylib' (no such file), '/System/Volumes/Preboot/Cryptexes/
Event: 12.155 Loading shared library /Library/Java/Extensions/libunixfile_1_0_0.jnilib failed, dlopen(/Library/Java/Extensions/libunixfile_1_0_0.jnilib, 0x0001): tried: '/Library/Java/Extensions/libunixfile_1_0_0.jnilib' (no such file), '/System/Volumes/Preboot/Cryptex
Event: 12.155 Loading shared library /Network/Library/Java/Extensions/libunixfile_1_0_0.dylib failed, dlopen(/Network/Library/Java/Extensions/libunixfile_1_0_0.dylib, 0x0001): tried: '/Network/Library/Java/Extensions/libunixfile_1_0_0.dylib' (no such file), '/System/Vo
Event: 12.155 Loading shared library /Network/Library/Java/Extensions/libunixfile_1_0_0.jnilib failed, dlopen(/Network/Library/Java/Extensions/libunixfile_1_0_0.jnilib, 0x0001): tried: '/Network/Library/Java/Extensions/libunixfile_1_0_0.jnilib' (no such file), '/System
Event: 12.156 Loading shared library /System/Library/Java/Extensions/libunixfile_1_0_0.dylib failed, dlopen(/System/Library/Java/Extensions/libunixfile_1_0_0.dylib, 0x0001): tried: '/System/Library/Java/Extensions/libunixfile_1_0_0.dylib' (no such file), '/System/Volum
Event: 12.156 Loading shared library /System/Library/Java/Extensions/libunixfile_1_0_0.jnilib failed, dlopen(/System/Library/Java/Extensions/libunixfile_1_0_0.jnilib, 0x0001): tried: '/System/Library/Java/Extensions/libunixfile_1_0_0.jnilib' (no such file), '/System/Vo
Event: 12.156 Loading shared library /usr/lib/java/libunixfile_1_0_0.dylib failed, dlopen(/usr/lib/java/libunixfile_1_0_0.dylib, 0x0001): tried: '/usr/lib/java/libunixfile_1_0_0.dylib' (no such file), '/System/Volumes/Preboot/Cryptexes/OS/usr/lib/java/libunixfile_1_0_0
Event: 12.156 Loading shared library /usr/lib/java/libunixfile_1_0_0.jnilib failed, dlopen(/usr/lib/java/libunixfile_1_0_0.jnilib, 0x0001): tried: '/usr/lib/java/libunixfile_1_0_0.jnilib' (no such file), '/System/Volumes/Preboot/Cryptexes/OS/usr/lib/java/libunixfile_1_
Event: 12.157 Loading shared library /Users/macos/UnoChatApp/libunixfile_1_0_0.dylib failed, dlopen(/Users/macos/UnoChatApp/libunixfile_1_0_0.dylib, 0x0001): tried: '/Users/macos/UnoChatApp/libunixfile_1_0_0.dylib' (no such file), '/System/Volumes/Preboot/Cryptexes/OS/
Event: 12.157 Loading shared library /Users/macos/UnoChatApp/libunixfile_1_0_0.jnilib failed, dlopen(/Users/macos/UnoChatApp/libunixfile_1_0_0.jnilib, 0x0001): tried: '/Users/macos/UnoChatApp/libunixfile_1_0_0.jnilib' (no such file), '/System/Volumes/Preboot/Cryptexes/
Event: 13.951 Loaded shared library /Users/macos/.vscode/extensions/redhat.java-1.50.0-darwin-x64/jre/21.0.9-macosx-x86_64/lib/libextnet.dylib

Deoptimization events (20 events):
Event: 13248.700 Thread 0x00007f948ab66400 Uncommon trap: trap_request=0xffffff45 fr.pc=0x000000011d0b8858 relative=0x0000000000000898
Event: 13248.700 Thread 0x00007f948ab66400 Uncommon trap: reason=unstable_if action=reinterpret pc=0x000000011d0b8858 method=org.eclipse.core.internal.watson.ElementTree.getElementData(Lorg/eclipse/core/runtime/IPath;)Ljava/lang/Object; @ 21 c2
Event: 13248.700 Thread 0x00007f948ab66400 DEOPT PACKING pc=0x000000011d0b8858 sp=0x00007000097a2c20
Event: 13248.700 Thread 0x00007f948ab66400 DEOPT UNPACKING pc=0x000000011c43c399 sp=0x00007000097a2b60 mode 2
Event: 13248.702 Thread 0x00007f94888be200 DEOPT PACKING pc=0x000000011610be01 sp=0x00007000082641e0
Event: 13248.702 Thread 0x00007f94888be200 DEOPT UNPACKING pc=0x000000011c43cb2f sp=0x0000700008263670 mode 0
Event: 13248.711 Thread 0x00007f948ab66400 Uncommon trap: trap_request=0xffffffbe fr.pc=0x000000011d99e098 relative=0x0000000000000638
Event: 13248.711 Thread 0x00007f948ab66400 Uncommon trap: reason=profile_predicate action=maybe_recompile pc=0x000000011d99e098 method=org.eclipse.jdt.internal.compiler.lookup.BinaryTypeBinding.createMethods([Lorg/eclipse/jdt/internal/compiler/env/IBinaryMethod;Lorg/eclipse/jdt/internal/compiler/e
Event: 13248.711 Thread 0x00007f948ab66400 DEOPT PACKING pc=0x000000011d99e098 sp=0x00007000097a2d40
Event: 13248.711 Thread 0x00007f948ab66400 DEOPT UNPACKING pc=0x000000011c43c399 sp=0x00007000097a2cd0 mode 2
Event: 13248.771 Thread 0x00007f948a01ea00 Uncommon trap: trap_request=0xffffffd6 fr.pc=0x000000011d9c002c relative=0x000000000000168c
Event: 13248.771 Thread 0x00007f948a01ea00 Uncommon trap: reason=array_check action=maybe_recompile pc=0x000000011d9c002c method=java.util.TimSort.mergeLo(IIII)V @ 468 c2
Event: 13248.771 Thread 0x00007f948a01ea00 DEOPT PACKING pc=0x000000011d9c002c sp=0x000070000753b7f0
Event: 13248.771 Thread 0x00007f948a01ea00 DEOPT UNPACKING pc=0x000000011c43c399 sp=0x000070000753b7d0 mode 2
Event: 13248.771 Thread 0x00007f948a01ea00 Uncommon trap: trap_request=0xffffffd6 fr.pc=0x000000011d9c002c relative=0x000000000000168c
Event: 13248.771 Thread 0x00007f948a01ea00 Uncommon trap: reason=array_check action=maybe_recompile pc=0x000000011d9c002c method=java.util.TimSort.mergeLo(IIII)V @ 468 c2
Event: 13248.771 Thread 0x00007f948a01ea00 DEOPT PACKING pc=0x000000011d9c002c sp=0x000070000753b7f0
Event: 13248.771 Thread 0x00007f948a01ea00 DEOPT UNPACKING pc=0x000000011c43c399 sp=0x000070000753b7d0 mode 2
Event: 13248.789 Thread 0x00007f948a01ea00 DEOPT PACKING pc=0x00000001166faada sp=0x000070000753beb0
Event: 13248.789 Thread 0x00007f948a01ea00 DEOPT UNPACKING pc=0x000000011c43cb2f sp=0x000070000753b3d8 mode 0

Classes loaded (20 events):
Event: 144.882 Loading class java/util/concurrent/ConcurrentHashMap$TreeBin
Event: 144.882 Loading class java/util/concurrent/ConcurrentHashMap$TreeBin done
Event: 144.889 Loading class javax/xml/transform/TransformerConfigurationException
Event: 144.889 Loading class javax/xml/transform/TransformerConfigurationException done
Event: 145.070 Loading class jdk/internal/ref/CleanerImpl$InnocuousThreadFactory
Event: 145.071 Loading class jdk/internal/ref/CleanerImpl$InnocuousThreadFactory done
Event: 1817.350 Loading class java/util/stream/DistinctOps
Event: 1817.372 Loading class java/util/stream/DistinctOps done
Event: 1817.380 Loading class java/util/stream/DistinctOps$1
Event: 1817.578 Loading class java/util/stream/DistinctOps$1 done
Event: 1817.768 Loading class java/util/stream/DistinctOps$1$2
Event: 1817.774 Loading class java/util/stream/DistinctOps$1$2 done
Event: 1818.719 Loading class sun/nio/ch/SinkChannelImpl
Event: 1818.721 Loading class java/nio/channels/Pipe$SinkChannel
Event: 1818.721 Loading class java/nio/channels/Pipe$SinkChannel done
Event: 1818.721 Loading class sun/nio/ch/SinkChannelImpl done
Event: 1818.966 Loading class java/util/concurrent/ArrayBlockingQueue
Event: 1818.974 Loading class java/util/concurrent/ArrayBlockingQueue done
Event: 1819.057 Loading class java/util/concurrent/ConcurrentHashMap$KeySpliterator
Event: 1819.057 Loading class java/util/concurrent/ConcurrentHashMap$KeySpliterator done

Classes unloaded (20 events):
Event: 3480.156 Thread 0x00007f948670eb10 Unloading class 0x000000012901ac00 'java/lang/invoke/LambdaForm$MH+0x000000012901ac00'
Event: 3480.156 Thread 0x00007f948670eb10 Unloading class 0x0000000129014800 'java/lang/invoke/LambdaForm$MH+0x0000000129014800'
Event: 3480.156 Thread 0x00007f948670eb10 Unloading class 0x000000012900d800 'java/lang/invoke/LambdaForm$MH+0x000000012900d800'
Event: 3480.156 Thread 0x00007f948670eb10 Unloading class 0x000000012900d400 'java/lang/invoke/LambdaForm$MH+0x000000012900d400'
Event: 3480.156 Thread 0x00007f948670eb10 Unloading class 0x000000012900d000 'java/lang/invoke/LambdaForm$MH+0x000000012900d000'
Event: 3480.157 Thread 0x00007f948670eb10 Unloading class 0x000000012900cc00 'java/lang/invoke/LambdaForm$MH+0x000000012900cc00'
Event: 3480.157 Thread 0x00007f948670eb10 Unloading class 0x000000012900c800 'java/lang/invoke/LambdaForm$BMH+0x000000012900c800'
Event: 3480.157 Thread 0x00007f948670eb10 Unloading class 0x000000012900c000 'java/lang/invoke/LambdaForm$DMH+0x000000012900c000'
Event: 3480.158 Thread 0x00007f948670eb10 Unloading class 0x0000000129008c00 'java/lang/invoke/LambdaForm$MH+0x0000000129008c00'
Event: 3480.158 Thread 0x00007f948670eb10 Unloading class 0x0000000129008800 'java/lang/invoke/LambdaForm$MH+0x0000000129008800'
Event: 3480.158 Thread 0x00007f948670eb10 Unloading class 0x0000000129008400 'java/lang/invoke/LambdaForm$MH+0x0000000129008400'
Event: 3480.158 Thread 0x00007f948670eb10 Unloading class 0x0000000129007000 'java/lang/invoke/LambdaForm$MH+0x0000000129007000'
Event: 3480.158 Thread 0x00007f948670eb10 Unloading class 0x0000000129006c00 'java/lang/invoke/LambdaForm$MH+0x0000000129006c00'
Event: 3480.158 Thread 0x00007f948670eb10 Unloading class 0x0000000129006800 'java/lang/invoke/LambdaForm$MH+0x0000000129006800'
Event: 3480.158 Thread 0x00007f948670eb10 Unloading class 0x0000000129006400 'java/lang/invoke/LambdaForm$MH+0x0000000129006400'
Event: 3480.158 Thread 0x00007f948670eb10 Unloading class 0x0000000129005c00 'java/lang/invoke/LambdaForm$BMH+0x0000000129005c00'
Event: 3480.158 Thread 0x00007f948670eb10 Unloading class 0x0000000129004800 'java/lang/invoke/LambdaForm$DMH+0x0000000129004800'
Event: 3480.159 Thread 0x00007f948670eb10 Unloading class 0x0000000129002400 'java/lang/invoke/LambdaForm$MH+0x0000000129002400'
Event: 3480.159 Thread 0x00007f948670eb10 Unloading class 0x0000000129002000 'java/lang/invoke/LambdaForm$MH+0x0000000129002000'
Event: 3480.159 Thread 0x00007f948670eb10 Unloading class 0x0000000129001800 'java/lang/invoke/LambdaForm$MH+0x0000000129001800'

Classes redefined (0 events):
No events

Internal exceptions (20 events):
Event: 12516.805 Thread 0x00007f948c182400 Exception <a 'sun/nio/fs/UnixException'{0x00000007d587a7b8}> (0x00000007d587a7b8) 
thrown [src/hotspot/share/prims/jni.cpp, line 520]
Event: 12516.805 Thread 0x00007f948c182400 Exception <a 'sun/nio/fs/UnixException'{0x00000007d587dd90}> (0x00000007d587dd90) 
thrown [src/hotspot/share/prims/jni.cpp, line 520]
Event: 12516.805 Thread 0x00007f948c182400 Exception <a 'sun/nio/fs/UnixException'{0x00000007d587e8d8}> (0x00000007d587e8d8) 
thrown [src/hotspot/share/prims/jni.cpp, line 520]
Event: 12540.851 Thread 0x00007f94890c2e00 Exception <a 'sun/nio/fs/UnixException'{0x00000007d56a7a68}> (0x00000007d56a7a68) 
thrown [src/hotspot/share/prims/jni.cpp, line 520]
Event: 12540.851 Thread 0x00007f94890c2e00 Exception <a 'sun/nio/fs/UnixException'{0x00000007d56ab618}> (0x00000007d56ab618) 
thrown [src/hotspot/share/prims/jni.cpp, line 520]
Event: 12540.852 Thread 0x00007f94890c2e00 Exception <a 'sun/nio/fs/UnixException'{0x00000007d56ac3d8}> (0x00000007d56ac3d8) 
thrown [src/hotspot/share/prims/jni.cpp, line 520]
Event: 12932.162 Thread 0x00007f949207dc00 Exception <a 'sun/nio/fs/UnixException'{0x00000007d5a103b0}> (0x00000007d5a103b0) 
thrown [src/hotspot/share/prims/jni.cpp, line 520]
Event: 12932.163 Thread 0x00007f949207dc00 Exception <a 'sun/nio/fs/UnixException'{0x00000007d5a14958}> (0x00000007d5a14958) 
thrown [src/hotspot/share/prims/jni.cpp, line 520]
Event: 12932.163 Thread 0x00007f949207dc00 Exception <a 'sun/nio/fs/UnixException'{0x00000007d5a15728}> (0x00000007d5a15728) 
thrown [src/hotspot/share/prims/jni.cpp, line 520]
Event: 12961.660 Thread 0x00007f949207dc00 Exception <a 'sun/nio/fs/UnixException'{0x00000007d560de28}> (0x00000007d560de28) 
thrown [src/hotspot/share/prims/jni.cpp, line 520]
Event: 12961.661 Thread 0x00007f949207dc00 Exception <a 'sun/nio/fs/UnixException'{0x00000007d56123d0}> (0x00000007d56123d0) 
thrown [src/hotspot/share/prims/jni.cpp, line 520]
Event: 12961.661 Thread 0x00007f949207dc00 Exception <a 'sun/nio/fs/UnixException'{0x00000007d56131a0}> (0x00000007d56131a0) 
thrown [src/hotspot/share/prims/jni.cpp, line 520]
Event: 13003.875 Thread 0x00007f948ab66400 Exception <a 'sun/nio/fs/UnixException'{0x00000007d5b93c58}> (0x00000007d5b93c58) 
thrown [src/hotspot/share/prims/jni.cpp, line 520]
Event: 13003.966 Thread 0x00007f948ab66400 Exception <a 'sun/nio/fs/UnixException'{0x00000007d58965d8}> (0x00000007d58965d8) 
thrown [src/hotspot/share/prims/jni.cpp, line 520]
Event: 13222.864 Thread 0x00007f9489287400 Exception <a 'sun/nio/fs/UnixException'{0x00000007d5a1a0e0}> (0x00000007d5a1a0e0) 
thrown [src/hotspot/share/prims/jni.cpp, line 520]
Event: 13222.865 Thread 0x00007f9489287400 Exception <a 'sun/nio/fs/UnixException'{0x00000007d5a1df38}> (0x00000007d5a1df38) 
thrown [src/hotspot/share/prims/jni.cpp, line 520]
Event: 13222.865 Thread 0x00007f9489287400 Exception <a 'sun/nio/fs/UnixException'{0x00000007d5a1ecc0}> (0x00000007d5a1ecc0) 
thrown [src/hotspot/share/prims/jni.cpp, line 520]
Event: 13248.375 Thread 0x00007f948ab66400 Exception <a 'sun/nio/fs/UnixException'{0x00000007d5950e80}> (0x00000007d5950e80) 
thrown [src/hotspot/share/prims/jni.cpp, line 520]
Event: 13248.643 Thread 0x00007f948ab66400 Exception <a 'sun/nio/fs/UnixException'{0x00000007d55af230}> (0x00000007d55af230) 
thrown [src/hotspot/share/prims/jni.cpp, line 520]
Event: 13248.700 Thread 0x00007f948ab66400 Implicit null exception at 0x000000011d0b812c to 0x000000011d0b882c

ZGC Phase Switch (0 events):
No events

VM Operations (20 events):
Event: 13248.566 Executing VM operation: ParallelGCFailedAllocation (Allocation Failure)
Event: 13248.594 Executing VM operation: ParallelGCFailedAllocation (Allocation Failure) done
Event: 13248.600 Executing VM operation: ParallelGCFailedAllocation (Allocation Failure)
Event: 13248.620 Executing VM operation: ParallelGCFailedAllocation (Allocation Failure) done
Event: 13248.630 Executing VM operation: ParallelGCFailedAllocation (Allocation Failure)
Event: 13248.637 Executing VM operation: ParallelGCFailedAllocation (Allocation Failure) done
Event: 13248.656 Executing VM operation: ParallelGCFailedAllocation (Allocation Failure)
Event: 13248.659 Executing VM operation: ParallelGCFailedAllocation (Allocation Failure) done
Event: 13248.669 Executing VM operation: ParallelGCFailedAllocation (Allocation Failure)
Event: 13248.675 Executing VM operation: ParallelGCFailedAllocation (Allocation Failure) done
Event: 13248.682 Executing VM operation: ParallelGCFailedAllocation (Allocation Failure)
Event: 13248.686 Executing VM operation: ParallelGCFailedAllocation (Allocation Failure) done
Event: 13248.704 Executing VM operation: ParallelGCFailedAllocation (Allocation Failure)
Event: 13248.710 Executing VM operation: ParallelGCFailedAllocation (Allocation Failure) done
Event: 13248.726 Executing VM operation: ParallelGCFailedAllocation (Allocation Failure)
Event: 13248.729 Executing VM operation: ParallelGCFailedAllocation (Allocation Failure) done
Event: 13248.743 Executing VM operation: ParallelGCFailedAllocation (Allocation Failure)
Event: 13248.747 Executing VM operation: ParallelGCFailedAllocation (Allocation Failure) done
Event: 13248.783 Executing VM operation: ParallelGCFailedAllocation (Allocation Failure)
Event: 13248.788 Executing VM operation: ParallelGCFailedAllocation (Allocation Failure) done

Memory protections (20 events):
Event: 13003.992 Protecting memory [0x000070000784a000,0x000070000784e000] with protection modes 0
Event: 13004.001 Protecting memory [0x000070000794d000,0x0000700007951000] with protection modes 0
Event: 13004.046 Protecting memory [0x0000700008062000,0x0000700008066000] with protection modes 0
Event: 13004.092 Protecting memory [0x0000700008165000,0x0000700008169000] with protection modes 0
Event: 13006.896 Protecting memory [0x0000700008165000,0x0000700008169000] with protection modes 3
Event: 13064.086 Protecting memory [0x000070000794d000,0x0000700007951000] with protection modes 3
Event: 13064.091 Protecting memory [0x0000700007644000,0x0000700007648000] with protection modes 3
Event: 13068.976 Protecting memory [0x000070000743e000,0x0000700007442000] with protection modes 3
Event: 13128.976 Protecting memory [0x0000700007541000,0x0000700007545000] with protection modes 3
Event: 13227.950 Protecting memory [0x000070000743e000,0x0000700007442000] with protection modes 0
Event: 13227.952 Protecting memory [0x0000700007541000,0x0000700007545000] with protection modes 0
Event: 13232.065 Protecting memory [0x0000700007644000,0x0000700007648000] with protection modes 0
Event: 13232.065 Protecting memory [0x0000700007644000,0x0000700007648000] with protection modes 3
Event: 13232.068 Protecting memory [0x0000700007644000,0x0000700007648000] with protection modes 0
Event: 13232.069 Protecting memory [0x0000700007644000,0x0000700007648000] with protection modes 3
Event: 13248.512 Protecting memory [0x0000700007644000,0x0000700007648000] with protection modes 0
Event: 13248.543 Protecting memory [0x000070000794d000,0x0000700007951000] with protection modes 0
Event: 13248.645 Protecting memory [0x0000700008165000,0x0000700008169000] with protection modes 0
Event: 13248.659 Protecting memory [0x000070000836b000,0x000070000836f000] with protection modes 0
Event: 13248.701 Protecting memory [0x000070000846e000,0x0000700008472000] with protection modes 0

Nmethod flushes (20 events):
Event: 3480.754 Thread 0x00007f948670eb10 flushing osr nmethod 0x0000000116157190
Event: 3480.755 Thread 0x00007f948670eb10 flushing  nmethod 0x0000000116158c90
Event: 3480.755 Thread 0x00007f948670eb10 flushing  nmethod 0x0000000116163190
Event: 3480.755 Thread 0x00007f948670eb10 flushing  nmethod 0x0000000116163690
Event: 3480.755 Thread 0x00007f948670eb10 flushing  nmethod 0x0000000116163b90
Event: 3480.755 Thread 0x00007f948670eb10 flushing osr nmethod 0x0000000116164d90
Event: 3480.755 Thread 0x00007f948670eb10 flushing  nmethod 0x0000000116166d90
Event: 3480.755 Thread 0x00007f948670eb10 flushing  nmethod 0x0000000116167690
Event: 3480.755 Thread 0x00007f948670eb10 flushing  nmethod 0x0000000116169290
Event: 3480.755 Thread 0x00007f948670eb10 flushing  nmethod 0x0000000116169810
Event: 3480.755 Thread 0x00007f948670eb10 flushing  nmethod 0x000000011616ac10
Event: 3480.755 Thread 0x00007f948670eb10 flushing  nmethod 0x000000011616b690
Event: 3480.755 Thread 0x00007f948670eb10 flushing  nmethod 0x000000011616cf90
Event: 3480.755 Thread 0x00007f948670eb10 flushing  nmethod 0x000000011616d510
Event: 3480.755 Thread 0x00007f948670eb10 flushing  nmethod 0x000000011616da90
Event: 3480.755 Thread 0x00007f948670eb10 flushing  nmethod 0x000000011616ef10
Event: 3480.755 Thread 0x00007f948670eb10 flushing  nmethod 0x000000011616fa10
Event: 3480.755 Thread 0x00007f948670eb10 flushing  nmethod 0x0000000116170610
Event: 3480.755 Thread 0x00007f948670eb10 flushing  nmethod 0x0000000116171490
Event: 3480.755 Thread 0x00007f948670eb10 flushing osr nmethod 0x0000000116172710

Events (20 events):
Event: 13003.992 Thread 0x00007f94890c2e00 Thread added: 0x00007f948bafbe00
Event: 13004.001 Thread 0x00007f94890c2e00 Thread added: 0x00007f9486de3e00
Event: 13004.046 Thread 0x00007f94890c2e00 Thread added: 0x00007f9488c19c00
Event: 13004.092 Thread 0x00007f948a808200 Thread added: 0x00007f9489034c00
Event: 13006.897 Thread 0x00007f9489034c00 Thread exited: 0x00007f9489034c00
Event: 13064.086 Thread 0x00007f9486de3e00 Thread exited: 0x00007f9486de3e00
Event: 13064.091 Thread 0x00007f94890c2e00 Thread exited: 0x00007f94890c2e00
Event: 13068.976 Thread 0x00007f9487c63400 Thread exited: 0x00007f9487c63400
Event: 13128.976 Thread 0x00007f948a01ea00 Thread exited: 0x00007f948a01ea00
Event: 13227.950 Thread 0x00007f948682bc00 Thread added: 0x00007f948a01ea00
Event: 13227.952 Thread 0x00007f948a01ea00 Thread added: 0x00007f948b9c6400
Event: 13232.065 Thread 0x00007f9489287400 Thread added: 0x00007f94890c2e00
Event: 13232.065 Thread 0x00007f94890c2e00 Thread exited: 0x00007f94890c2e00
Event: 13232.068 Thread 0x00007f9489287400 Thread added: 0x00007f94888be200
Event: 13232.069 Thread 0x00007f94888be200 Thread exited: 0x00007f94888be200
Event: 13248.512 Thread 0x00007f949207dc00 Thread added: 0x00007f948c047e00
Event: 13248.543 Thread 0x00007f949207dc00 Thread added: 0x00007f948c048c00
Event: 13248.645 Thread 0x00007f9489287400 Thread added: 0x00007f94888be200
Event: 13248.659 Thread 0x00007f949207dc00 Thread added: 0x00007f9487d65a00
Event: 13248.701 Thread 0x00007f94888be200 Thread added: 0x00007f9488990600


Dynamic libraries:
0x0000000107382000 	/Users/macos/.vscode/extensions/redhat.java-1.50.0-darwin-x64/jre/21.0.9-macosx-x86_64/lib/libjli.dylib
0x00007ff83085c000 	/System/Library/Frameworks/Cocoa.framework/Versions/A/Cocoa
0x00007ff81a69f000 	/System/Library/Frameworks/AppKit.framework/Versions/C/AppKit
0x00007ff81d2b5000 	/System/Library/Frameworks/CoreData.framework/Versions/A/CoreData
0x00007ff81846d000 	/System/Library/Frameworks/Foundation.framework/Versions/C/Foundation
0x00007ff8233d9000 	/usr/lib/libSystem.B.dylib
0x00007ff81b6a8000 	/System/Library/PrivateFrameworks/UIFoundation.framework/Versions/A/UIFoundation
0x00007ffb1fb42000 	/System/Library/PrivateFrameworks/CollectionViewCore.framework/Versions/A/CollectionViewCore
0x00007ff82a760000 	/System/Library/PrivateFrameworks/RemoteViewServices.framework/Versions/A/RemoteViewServices
0x00007ff8213a7000 	/System/Library/PrivateFrameworks/XCTTargetBootstrap.framework/Versions/A/XCTTargetBootstrap
0x00007ff826239000 	/System/Library/PrivateFrameworks/InternationalSupport.framework/Versions/A/InternationalSupport
0x00007ff8262c2000 	/System/Library/PrivateFrameworks/UserActivity.framework/Versions/A/UserActivity
0x00007ffb36a8f000 	/System/Library/PrivateFrameworks/WindowManagement.framework/Versions/A/WindowManagement
0x00007ff81815c000 	/System/Library/Frameworks/SystemConfiguration.framework/Versions/A/SystemConfiguration
0x00007ff82560e000 	/usr/lib/libspindump.dylib
0x00007ff81b876000 	/System/Library/Frameworks/UniformTypeIdentifiers.framework/Versions/A/UniformTypeIdentifiers
0x00007ff81f560000 	/usr/lib/libapp_launch_measurement.dylib
0x00007ff81e73f000 	/System/Library/PrivateFrameworks/CoreAnalytics.framework/Versions/A/CoreAnalytics
0x00007ff81f563000 	/System/Library/PrivateFrameworks/CoreAutoLayout.framework/Versions/A/CoreAutoLayout
0x00007ff820c11000 	/System/Library/Frameworks/Metal.framework/Versions/A/Metal
0x00007ff821b2e000 	/usr/lib/liblangid.dylib
0x00007ff8213ac000 	/System/Library/PrivateFrameworks/CoreSVG.framework/Versions/A/CoreSVG
0x00007ff81c1e2000 	/System/Library/PrivateFrameworks/SkyLight.framework/Versions/A/SkyLight
0x00007ff81c5d5000 	/System/Library/Frameworks/CoreGraphics.framework/Versions/A/CoreGraphics
0x00007ff82ae47000 	/System/Library/Frameworks/Accelerate.framework/Versions/A/Accelerate
0x00007ff82507f000 	/System/Library/PrivateFrameworks/IconServices.framework/Versions/A/IconServices
0x00007ff820bf2000 	/System/Library/Frameworks/IOSurface.framework/Versions/A/IOSurface
0x00007ff81e76a000 	/usr/lib/libDiagnosticMessagesClient.dylib
0x00007ff8232f1000 	/usr/lib/libz.1.dylib
0x00007ff82e51c000 	/System/Library/Frameworks/ApplicationServices.framework/Versions/A/ApplicationServices
0x00007ff821393000 	/System/Library/PrivateFrameworks/DFRFoundation.framework/Versions/A/DFRFoundation
0x00007ff819f69000 	/usr/lib/libicucore.A.dylib
0x00007ff8270d8000 	/System/Library/Frameworks/AudioToolbox.framework/Versions/A/AudioToolbox
0x00007ff826244000 	/System/Library/PrivateFrameworks/DataDetectorsCore.framework/Versions/A/DataDetectorsCore
0x00007ff91efb5000 	/System/Library/PrivateFrameworks/TextInput.framework/Versions/A/TextInput
0x00007ff81c14b000 	/usr/lib/libMobileGestalt.dylib
0x00007ff82109b000 	/System/Library/Frameworks/Carbon.framework/Versions/A/Frameworks/HIToolbox.framework/Versions/A/HIToolbox
0x00007ff81eeeb000 	/System/Library/Frameworks/QuartzCore.framework/Versions/A/QuartzCore
0x00007ff819bd7000 	/System/Library/Frameworks/Security.framework/Versions/A/Security
0x00007ff82a798000 	/System/Library/Frameworks/Carbon.framework/Versions/A/Frameworks/SpeechRecognition.framework/Versions/A/SpeechRecognition
0x00007ff81f29e000 	/System/Library/PrivateFrameworks/CoreUI.framework/Versions/A/CoreUI
0x00007ff819525000 	/System/Library/Frameworks/CoreAudio.framework/Versions/A/CoreAudio
0x00007ff81e843000 	/System/Library/Frameworks/DiskArbitration.framework/Versions/A/DiskArbitration
0x00007ff825a30000 	/System/Library/PrivateFrameworks/MultitouchSupport.framework/Versions/A/MultitouchSupport
0x00007ff81c14a000 	/usr/lib/libenergytrace.dylib
0x00007ff81a57f000 	/System/Library/Frameworks/IOKit.framework/Versions/A/IOKit
0x00007ff82ab96000 	/System/Library/Frameworks/CoreServices.framework/Versions/A/CoreServices
0x00007ff81f4f7000 	/System/Library/PrivateFrameworks/PerformanceAnalysis.framework/Versions/A/PerformanceAnalysis
0x00007ffa31c59000 	/System/Library/Frameworks/OpenGL.framework/Versions/A/OpenGL
0x00007ff81f5ab000 	/usr/lib/libxml2.2.dylib
0x00007ff82278a000 	/System/Library/PrivateFrameworks/MobileKeyBag.framework/Versions/A/MobileKeyBag
0x00007ff8171c8000 	/usr/lib/libobjc.A.dylib
0x00007ff817494000 	/usr/lib/libc++.1.dylib
0x00007ff81cceb000 	/System/Library/Frameworks/ColorSync.framework/Versions/A/ColorSync
0x00007ff8175c4000 	/System/Library/Frameworks/CoreFoundation.framework/Versions/A/CoreFoundation
0x00007ff8216fa000 	/System/Library/Frameworks/CoreImage.framework/Versions/A/CoreImage
0x00007ff819333000 	/System/Library/Frameworks/CoreText.framework/Versions/A/CoreText
0x00007ff8213e3000 	/System/Library/Frameworks/ImageIO.framework/Versions/A/ImageIO
0x00007ff8233df000 	/System/Library/PrivateFrameworks/SoftLinking.framework/Versions/A/SoftLinking
0x00007ff823661000 	/usr/lib/libcompression.dylib
0x00007ff826172000 	/System/Library/PrivateFrameworks/TextureIO.framework/Versions/A/TextureIO
0x00007ff824d3f000 	/usr/lib/libate.dylib
0x00007ff8233d3000 	/usr/lib/system/libcache.dylib
0x00007ff82338a000 	/usr/lib/system/libcommonCrypto.dylib
0x00007ff8233b7000 	/usr/lib/system/libcompiler_rt.dylib
0x00007ff8233a9000 	/usr/lib/system/libcopyfile.dylib
0x00007ff8172fc000 	/usr/lib/system/libcorecrypto.dylib
0x00007ff8173c1000 	/usr/lib/system/libdispatch.dylib
0x00007ff81756b000 	/usr/lib/system/libdyld.dylib
0x00007ff8233c9000 	/usr/lib/system/libkeymgr.dylib
0x00007ff823369000 	/usr/lib/system/libmacho.dylib
0x00007ff822878000 	/usr/lib/system/libquarantine.dylib
0x00007ff8233c7000 	/usr/lib/system/libremovefile.dylib
0x00007ff81c1b0000 	/usr/lib/system/libsystem_asl.dylib
0x00007ff81729d000 	/usr/lib/system/libsystem_blocks.dylib
0x00007ff81740c000 	/usr/lib/system/libsystem_c.dylib
0x00007ff8233bf000 	/usr/lib/system/libsystem_collections.dylib
0x00007ff821b1f000 	/usr/lib/system/libsystem_configuration.dylib
0x00007ff820bc3000 	/usr/lib/system/libsystem_containermanager.dylib
0x00007ff823024000 	/usr/lib/system/libsystem_coreservices.dylib
0x00007ff81a1fa000 	/usr/lib/system/libsystem_darwin.dylib
0x00007ff8233ca000 	/usr/lib/system/libsystem_dnssd.dylib
0x00007ff817409000 	/usr/lib/system/libsystem_featureflags.dylib
0x00007ff817599000 	/usr/lib/system/libsystem_info.dylib
0x00007ff823304000 	/usr/lib/system/libsystem_m.dylib
0x00007ff817394000 	/usr/lib/system/libsystem_malloc.dylib
0x00007ff81c133000 	/usr/lib/system/libsystem_networkextension.dylib
0x00007ff81a63d000 	/usr/lib/system/libsystem_notify.dylib
0x00007ff821b23000 	/usr/lib/system/libsystem_sandbox.dylib
0x00007ff8233c4000 	/usr/lib/system/libsystem_secinit.dylib
0x00007ff817525000 	/usr/lib/system/libsystem_kernel.dylib
0x00007ff81758f000 	/usr/lib/system/libsystem_platform.dylib
0x00007ff81755f000 	/usr/lib/system/libsystem_pthread.dylib
0x00007ff81db01000 	/usr/lib/system/libsystem_symptoms.dylib
0x00007ff8172e2000 	/usr/lib/system/libsystem_trace.dylib
0x00007ff823396000 	/usr/lib/system/libunwind.dylib
0x00007ff8172a1000 	/usr/lib/system/libxpc.dylib
0x00007ff817510000 	/usr/lib/libc++abi.dylib
0x00007ff8233a1000 	/usr/lib/liboah.dylib
0x00007ff824aec000 	/usr/lib/liblzma.5.dylib
0x00007ff8233db000 	/usr/lib/libfakelink.dylib
0x00007ff81bd92000 	/System/Library/Frameworks/CFNetwork.framework/Versions/A/CFNetwork
0x00007ff823518000 	/usr/lib/libarchive.2.dylib
0x00007ff828a2e000 	/System/Library/Frameworks/Combine.framework/Versions/A/Combine
0x00007ff826b74000 	/usr/lib/swift/libswiftCore.dylib
0x00007ff91bf7f000 	/usr/lib/swift/libswiftCoreFoundation.dylib
0x00007ff91a00f000 	/usr/lib/swift/libswiftDarwin.dylib
0x00007ff82c3e9000 	/usr/lib/swift/libswiftDispatch.dylib
0x00007ff91bf9b000 	/usr/lib/swift/libswiftIOKit.dylib
0x00007ff82e95b000 	/usr/lib/swift/libswiftObjectiveC.dylib
0x00007ff91bf90000 	/usr/lib/swift/libswiftXPC.dylib
0x00007ffc1d8f0000 	/usr/lib/swift/libswift_Concurrency.dylib
0x00007ffc1da2d000 	/usr/lib/swift/libswift_StringProcessing.dylib
0x00007ff82e95f000 	/usr/lib/swift/libswiftos.dylib
0x00007ff81a501000 	/System/Library/PrivateFrameworks/CoreServicesInternal.framework/Versions/A/CoreServicesInternal
0x00007ff82289f000 	/usr/lib/libbsm.0.dylib
0x00007ff82336e000 	/usr/lib/system/libkxld.dylib
0x00007ff81f52b000 	/System/Library/Frameworks/CoreServices.framework/Versions/A/Frameworks/FSEvents.framework/Versions/A/FSEvents
0x00007ff81a205000 	/System/Library/Frameworks/CoreServices.framework/Versions/A/Frameworks/CarbonCore.framework/Versions/A/CarbonCore
0x00007ff81e7ad000 	/System/Library/Frameworks/CoreServices.framework/Versions/A/Frameworks/Metadata.framework/Versions/A/Metadata
0x00007ff82302a000 	/System/Library/Frameworks/CoreServices.framework/Versions/A/Frameworks/OSServices.framework/Versions/A/OSServices
0x00007ff8235a0000 	/System/Library/Frameworks/CoreServices.framework/Versions/A/Frameworks/SearchKit.framework/Versions/A/SearchKit
0x00007ff81da89000 	/System/Library/Frameworks/CoreServices.framework/Versions/A/Frameworks/AE.framework/Versions/A/AE
0x00007ff817a61000 	/System/Library/Frameworks/CoreServices.framework/Versions/A/Frameworks/LaunchServices.framework/Versions/A/LaunchServices
0x00007ff824a9d000 	/System/Library/Frameworks/CoreServices.framework/Versions/A/Frameworks/DictionaryServices.framework/Versions/A/DictionaryServices
0x00007ff81f538000 	/System/Library/Frameworks/CoreServices.framework/Versions/A/Frameworks/SharedFileList.framework/Versions/A/SharedFileList
0x00007ff82362a000 	/usr/lib/libapple_nghttp2.dylib
0x00007ff81bd8e000 	/usr/lib/libnetwork.dylib
0x00007ff81d734000 	/usr/lib/libsqlite3.dylib
0x00007ff81db09000 	/System/Library/Frameworks/Network.framework/Versions/A/Network
0x00007ffc1c85b000 	/usr/lib/libCoreEntitlements.dylib
0x00007ffb295bb000 	/System/Library/PrivateFrameworks/MessageSecurity.framework/Versions/A/MessageSecurity
0x00007ff81d71b000 	/System/Library/PrivateFrameworks/ProtocolBuffer.framework/Versions/A/ProtocolBuffer
0x00007ff822f46000 	/System/Library/PrivateFrameworks/AppleFSCompression.framework/Versions/A/AppleFSCompression
0x00007ff822887000 	/usr/lib/libcoretls.dylib
0x00007ff824b05000 	/usr/lib/libcoretls_cfhelpers.dylib
0x00007ff82365b000 	/usr/lib/libpam.2.dylib
0x00007ff824b78000 	/usr/lib/libxar.1.dylib
0x00007ff82505b000 	/usr/lib/libheimdal-asn1.dylib
0x00007ff8233e0000 	/usr/lib/libpcap.A.dylib
0x00007ff81daf8000 	/usr/lib/libdns_services.dylib
0x00007ff821b2a000 	/System/Library/PrivateFrameworks/AppleSystemInfo.framework/Versions/A/AppleSystemInfo
0x00007ff822591000 	/System/Library/PrivateFrameworks/IOMobileFramebuffer.framework/Versions/A/IOMobileFramebuffer
0x00007ff823015000 	/usr/lib/libbz2.1.0.dylib
0x00007ff82287b000 	/usr/lib/libCheckFix.dylib
0x00007ff81c1c7000 	/System/Library/PrivateFrameworks/TCC.framework/Versions/A/TCC
0x00007ff821b30000 	/System/Library/PrivateFrameworks/CoreNLP.framework/Versions/A/CoreNLP
0x00007ff81e76c000 	/System/Library/PrivateFrameworks/MetadataUtilities.framework/Versions/A/MetadataUtilities
0x00007ff8228b0000 	/usr/lib/libmecab.dylib
0x00007ff8181dc000 	/usr/lib/libCRFSuite.dylib
0x00007ff822909000 	/usr/lib/libgermantok.dylib
0x00007ff823606000 	/usr/lib/libThaiTokenizer.dylib
0x00007ff81e84b000 	/System/Library/Frameworks/Accelerate.framework/Versions/A/Frameworks/vImage.framework/Versions/A/vImage
0x00007ff82ab69000 	/System/Library/Frameworks/Accelerate.framework/Versions/A/Frameworks/vecLib.framework/Versions/A/vecLib
0x00007ff824bba000 	/System/Library/Frameworks/Accelerate.framework/Versions/A/Frameworks/vecLib.framework/Versions/A/libvMisc.dylib
0x00007ff8223a6000 	/System/Library/Frameworks/Accelerate.framework/Versions/A/Frameworks/vecLib.framework/Versions/A/libvDSP.dylib
0x00007ff817e20000 	/System/Library/Frameworks/Accelerate.framework/Versions/A/Frameworks/vecLib.framework/Versions/A/libBLAS.dylib
0x00007ff82373f000 	/System/Library/Frameworks/Accelerate.framework/Versions/A/Frameworks/vecLib.framework/Versions/A/libLAPACK.dylib
0x00007ff82290c000 	/System/Library/Frameworks/Accelerate.framework/Versions/A/Frameworks/vecLib.framework/Versions/A/libLinearAlgebra.dylib
0x00007ff823645000 	/System/Library/Frameworks/Accelerate.framework/Versions/A/Frameworks/vecLib.framework/Versions/A/libSparseBLAS.dylib
0x00007ff823739000 	/System/Library/Frameworks/Accelerate.framework/Versions/A/Frameworks/vecLib.framework/Versions/A/libQuadrature.dylib
0x00007ff821c16000 	/System/Library/Frameworks/Accelerate.framework/Versions/A/Frameworks/vecLib.framework/Versions/A/libBNNS.dylib
0x00007ff8180e5000 	/System/Library/Frameworks/Accelerate.framework/Versions/A/Frameworks/vecLib.framework/Versions/A/libSparse.dylib
0x00007ffb287f5000 	/System/Library/PrivateFrameworks/MIL.framework/Versions/A/MIL
0x00007ff823415000 	/usr/lib/libiconv.2.dylib
0x00007ff823368000 	/usr/lib/libcharset.1.dylib
0x00007ff81f50f000 	/System/Library/Frameworks/OpenDirectory.framework/Versions/A/Frameworks/CFOpenDirectory.framework/Versions/A/CFOpenDirectory
0x00007ff81f503000 	/System/Library/Frameworks/OpenDirectory.framework/Versions/A/OpenDirectory
0x00007ff824b07000 	/System/Library/PrivateFrameworks/APFS.framework/Versions/A/APFS
0x00007ff8227bd000 	/System/Library/Frameworks/SecurityFoundation.framework/Versions/A/SecurityFoundation
0x00007ff824b86000 	/usr/lib/libutil.dylib
0x00007ffb27794000 	/System/Library/PrivateFrameworks/InstalledContentLibrary.framework/Versions/A/InstalledContentLibrary
0x00007ff81a542000 	/System/Library/PrivateFrameworks/CoreServicesStore.framework/Versions/A/CoreServicesStore
0x00007ffb1e6c6000 	/System/Library/PrivateFrameworks/AppleMobileFileIntegrity.framework/Versions/A/AppleMobileFileIntegrity
0x00007ff91bf61000 	/usr/lib/libmis.dylib
0x00007ff92a838000 	/System/Library/PrivateFrameworks/MobileSystemServices.framework/Versions/A/MobileSystemServices
0x00007ffa2652f000 	/System/Library/PrivateFrameworks/ConfigProfileHelper.framework/Versions/A/ConfigProfileHelper
0x00007ff823608000 	/System/Library/PrivateFrameworks/AppleSauce.framework/Versions/A/AppleSauce
0x00007ff818df6000 	/System/Library/PrivateFrameworks/LanguageModeling.framework/Versions/A/LanguageModeling
0x00007ff824b8a000 	/usr/lib/libxslt.1.dylib
0x00007ff823507000 	/usr/lib/libcmph.dylib
0x00007ff82257e000 	/System/Library/PrivateFrameworks/CoreEmoji.framework/Versions/A/CoreEmoji
0x00007ff821c11000 	/System/Library/PrivateFrameworks/LinguisticData.framework/Versions/A/LinguisticData
0x00007ff81809c000 	/System/Library/PrivateFrameworks/Lexicon.framework/Versions/A/Lexicon
0x00007ff82284b000 	/System/Library/PrivateFrameworks/BackgroundTaskManagement.framework/Versions/A/BackgroundTaskManagement
0x00007ffc1c99d000 	/usr/lib/libTLE.dylib
0x00007ffc1d976000 	/usr/lib/swift/libswift_RegexParser.dylib
0x00007ff8258f4000 	/System/Library/PrivateFrameworks/AppleJPEG.framework/Versions/A/AppleJPEG
0x00007ff825040000 	/usr/lib/libexpat.1.dylib
0x00007ff825fca000 	/System/Library/Frameworks/ImageIO.framework/Versions/A/Resources/libPng.dylib
0x00007ff825ff7000 	/System/Library/Frameworks/ImageIO.framework/Versions/A/Resources/libTIFF.dylib
0x00007ff8260ec000 	/System/Library/Frameworks/ImageIO.framework/Versions/A/Resources/libGIF.dylib
0x00007ff82593f000 	/System/Library/Frameworks/ImageIO.framework/Versions/A/Resources/libJP2.dylib
0x00007ff82608c000 	/System/Library/Frameworks/ImageIO.framework/Versions/A/Resources/libJPEG.dylib
0x00007ff826083000 	/System/Library/Frameworks/ImageIO.framework/Versions/A/Resources/libRadiance.dylib
0x00007ff820f34000 	/System/Library/PrivateFrameworks/FontServices.framework/libFontParser.dylib
0x00007ff81da2e000 	/System/Library/PrivateFrameworks/RunningBoardServices.framework/Versions/A/RunningBoardServices
0x00007ff830f09000 	/System/Library/PrivateFrameworks/IOSurfaceAccelerator.framework/Versions/A/IOSurfaceAccelerator
0x00007ff825a2c000 	/System/Library/PrivateFrameworks/WatchdogClient.framework/Versions/A/WatchdogClient
0x00007ff818f5c000 	/System/Library/Frameworks/CoreDisplay.framework/Versions/A/CoreDisplay
0x00007ff820e22000 	/System/Library/Frameworks/CoreMedia.framework/Versions/A/CoreMedia
0x00007ff820c08000 	/System/Library/PrivateFrameworks/IOAccelerator.framework/Versions/A/IOAccelerator
0x00007ff81f68a000 	/System/Library/Frameworks/CoreVideo.framework/Versions/A/CoreVideo
0x00007ff823659000 	/System/Library/Frameworks/MetalPerformanceShaders.framework/Versions/A/MetalPerformanceShaders
0x00007ff825a6b000 	/System/Library/Frameworks/VideoToolbox.framework/Versions/A/VideoToolbox
0x00007ff81d96c000 	/System/Library/PrivateFrameworks/BaseBoard.framework/Versions/A/BaseBoard
0x00007ff82607c000 	/System/Library/PrivateFrameworks/GPUWrangler.framework/Versions/A/GPUWrangler
0x00007ff826060000 	/System/Library/PrivateFrameworks/IOPresentment.framework/Versions/A/IOPresentment
0x00007ff826086000 	/System/Library/PrivateFrameworks/DSExternalDisplay.framework/Versions/A/DSExternalDisplay
0x00007ffb23c67000 	/System/Library/PrivateFrameworks/GPUCompiler.framework/Versions/31001/Libraries/libllvm-flatbuffers.dylib
0x00007ffa31c4d000 	/System/Library/Frameworks/OpenGL.framework/Versions/A/Libraries/libCoreFSCache.dylib
0x00007ffb23c63000 	/System/Library/PrivateFrameworks/GPUCompiler.framework/Versions/31001/Libraries/libGPUCompilerUtils.dylib
0x00007ff8260f2000 	/System/Library/PrivateFrameworks/CMCaptureCore.framework/Versions/A/CMCaptureCore
0x00007ffb18ae9000 	/System/Library/Frameworks/ExtensionFoundation.framework/Versions/A/ExtensionFoundation
0x00007ff82cb81000 	/System/Library/PrivateFrameworks/CoreTime.framework/Versions/A/CoreTime
0x00007ff8255f9000 	/System/Library/PrivateFrameworks/AppServerSupport.framework/Versions/A/AppServerSupport
0x00007ff827992000 	/System/Library/PrivateFrameworks/perfdata.framework/Versions/A/perfdata
0x00007ff819088000 	/System/Library/PrivateFrameworks/AudioToolboxCore.framework/Versions/A/AudioToolboxCore
0x00007ff820dfd000 	/System/Library/PrivateFrameworks/caulk.framework/Versions/A/caulk
0x00007ff82726d000 	/usr/lib/libAudioStatistics.dylib
0x00007ff91b3cf000 	/System/Library/PrivateFrameworks/SystemPolicy.framework/Versions/A/SystemPolicy
0x00007ff827508000 	/usr/lib/libSMC.dylib
0x00007ff8306fa000 	/System/Library/Frameworks/CoreMIDI.framework/Versions/A/CoreMIDI
0x00007ff825f98000 	/usr/lib/libAudioToolboxUtility.dylib
0x00007ff836084000 	/System/Library/PrivateFrameworks/OSAServicesClient.framework/Versions/A/OSAServicesClient
0x00007ff82799f000 	/usr/lib/libperfcheck.dylib
0x00007ff824f20000 	/System/Library/PrivateFrameworks/PlugInKit.framework/Versions/A/PlugInKit
0x00007ff8227b0000 	/System/Library/PrivateFrameworks/AssertionServices.framework/Versions/A/AssertionServices
0x00007ffa31caa000 	/System/Library/Frameworks/OpenGL.framework/Versions/A/Libraries/libGLU.dylib
0x00007ffa31c6c000 	/System/Library/Frameworks/OpenGL.framework/Versions/A/Libraries/libGFXShared.dylib
0x00007ffa31e6b000 	/System/Library/Frameworks/OpenGL.framework/Versions/A/Libraries/libGL.dylib
0x00007ffa31c75000 	/System/Library/Frameworks/OpenGL.framework/Versions/A/Libraries/libGLImage.dylib
0x00007ffa31c69000 	/System/Library/Frameworks/OpenGL.framework/Versions/A/Libraries/libCVMSPluginSupport.dylib
0x00007ffc1c97c000 	/usr/lib/libRosetta.dylib
0x00007ffa31c54000 	/System/Library/Frameworks/OpenGL.framework/Versions/A/Libraries/libCoreVMClient.dylib
0x00007ff821a9f000 	/System/Library/Frameworks/MetalPerformanceShaders.framework/Versions/A/Frameworks/MPSCore.framework/Versions/A/MPSCore
0x00007ff822eb0000 	/System/Library/Frameworks/MetalPerformanceShaders.framework/Versions/A/Frameworks/MPSImage.framework/Versions/A/MPSImage
0x00007ff822922000 	/System/Library/Frameworks/MetalPerformanceShaders.framework/Versions/A/Frameworks/MPSNeuralNetwork.framework/Versions/A/MPSNeuralNetwork
0x00007ff822d93000 	/System/Library/Frameworks/MetalPerformanceShaders.framework/Versions/A/Frameworks/MPSMatrix.framework/Versions/A/MPSMatrix
0x00007ff822b4f000 	/System/Library/Frameworks/MetalPerformanceShaders.framework/Versions/A/Frameworks/MPSRayIntersector.framework/Versions/A/MPSRayIntersector
0x00007ff822dcf000 	/System/Library/Frameworks/MetalPerformanceShaders.framework/Versions/A/Frameworks/MPSNDArray.framework/Versions/A/MPSNDArray
0x00007ffb19ed1000 	/System/Library/Frameworks/MetalPerformanceShaders.framework/Versions/A/Frameworks/MPSFunctions.framework/Versions/A/MPSFunctions
0x00007ff817ce0000 	/System/Library/PrivateFrameworks/MetalTools.framework/Versions/A/MetalTools
0x00007ff821b29000 	/System/Library/PrivateFrameworks/AggregateDictionary.framework/Versions/A/AggregateDictionary
0x00007ff824dd6000 	/usr/lib/libIOReport.dylib
0x00007ffb2c0f0000 	/System/Library/PrivateFrameworks/PhotosensitivityProcessing.framework/Versions/A/PhotosensitivityProcessing
0x00007ffa3325c000 	/System/Library/Frameworks/OpenCL.framework/Versions/A/OpenCL
0x00007ff825188000 	/System/Library/PrivateFrameworks/GraphVisualizer.framework/Versions/A/GraphVisualizer
0x00007ffb23b7c000 	/System/Library/PrivateFrameworks/FontServices.framework/Versions/A/FontServices
0x00007ff8255b4000 	/System/Library/PrivateFrameworks/OTSVG.framework/Versions/A/OTSVG
0x00007ff81f252000 	/System/Library/Frameworks/ApplicationServices.framework/Versions/A/Frameworks/ATS.framework/Versions/A/Resources/libFontRegistry.dylib
0x00007ff825603000 	/System/Library/PrivateFrameworks/FontServices.framework/libhvf.dylib
0x00007ffb23b7d000 	/System/Library/PrivateFrameworks/FontServices.framework/libXTFontStaticRegistryData.dylib
0x00007ff926e35000 	/usr/lib/swift/libswiftMetal.dylib
0x00007ff91ef16000 	/usr/lib/swift/libswiftsimd.dylib
0x00007ffb357d6000 	/System/Library/PrivateFrameworks/VideoToolboxParavirtualizationSupport.framework/Versions/A/VideoToolboxParavirtualizationSupport
0x00007ff824ff0000 	/System/Library/PrivateFrameworks/AppleVA.framework/Versions/A/AppleVA
0x00007ff8272ad000 	/System/Library/Frameworks/ApplicationServices.framework/Versions/A/Frameworks/ATS.framework/Versions/A/ATS
0x00007ff81cddb000 	/System/Library/Frameworks/ApplicationServices.framework/Versions/A/Frameworks/HIServices.framework/Versions/A/HIServices
0x00007ff8260fe000 	/System/Library/Frameworks/ApplicationServices.framework/Versions/A/Frameworks/PrintCore.framework/Versions/A/PrintCore
0x00007ff82765e000 	/System/Library/Frameworks/ApplicationServices.framework/Versions/A/Frameworks/QD.framework/Versions/A/QD
0x00007ff827656000 	/System/Library/Frameworks/ApplicationServices.framework/Versions/A/Frameworks/ColorSyncLegacy.framework/Versions/A/ColorSyncLegacy
0x00007ff827281000 	/System/Library/Frameworks/ApplicationServices.framework/Versions/A/Frameworks/SpeechSynthesis.framework/Versions/A/SpeechSynthesis
0x00007ff8260bc000 	/System/Library/Frameworks/ApplicationServices.framework/Versions/A/Frameworks/ATSUI.framework/Versions/A/ATSUI
0x00007ff8275e8000 	/usr/lib/libcups.2.dylib
0x00007ff8279ae000 	/System/Library/Frameworks/Kerberos.framework/Versions/A/Kerberos
0x00007ff8279bd000 	/System/Library/Frameworks/GSS.framework/Versions/A/GSS
0x00007ff82731b000 	/usr/lib/libresolv.9.dylib
0x00007ff825613000 	/System/Library/PrivateFrameworks/Heimdal.framework/Versions/A/Heimdal
0x00007ff82e8dd000 	/System/Library/Frameworks/Kerberos.framework/Versions/A/Libraries/libHeimdalProxy.dylib
0x00007ff827a08000 	/System/Library/PrivateFrameworks/CommonAuth.framework/Versions/A/CommonAuth
0x00007ffb17d98000 	/System/Library/Frameworks/AVFAudio.framework/Versions/A/AVFAudio
0x00007ff8360cd000 	/System/Library/PrivateFrameworks/AXCoreUtilities.framework/Versions/A/AXCoreUtilities
0x00007ff8271fb000 	/System/Library/PrivateFrameworks/AudioSession.framework/Versions/A/AudioSession
0x00007ff828800000 	/System/Library/Frameworks/IOBluetooth.framework/Versions/A/IOBluetooth
0x00007ff8250f6000 	/System/Library/PrivateFrameworks/MediaExperience.framework/Versions/A/MediaExperience
0x00007ff8270a5000 	/System/Library/PrivateFrameworks/AudioSession.framework/libSessionUtility.dylib
0x00007ff82766a000 	/System/Library/PrivateFrameworks/AudioResourceArbitration.framework/Versions/A/AudioResourceArbitration
0x00007ff82b793000 	/System/Library/PrivateFrameworks/PowerLog.framework/Versions/A/PowerLog
0x00007ff82b6d1000 	/System/Library/Frameworks/CoreBluetooth.framework/Versions/A/CoreBluetooth
0x00007ff82e8de000 	/System/Library/Frameworks/AudioUnit.framework/Versions/A/AudioUnit
0x00007ff82261a000 	/System/Library/PrivateFrameworks/CoreUtils.framework/Versions/A/CoreUtils
0x00007ffb2264a000 	/System/Library/PrivateFrameworks/CoreUtilsExtras.framework/Versions/A/CoreUtilsExtras
0x00007ffb27623000 	/System/Library/PrivateFrameworks/IO80211.framework/Versions/A/IO80211
0x00007ff825064000 	/System/Library/PrivateFrameworks/IconFoundation.framework/Versions/A/IconFoundation
0x00007ff82a788000 	/System/Library/PrivateFrameworks/SpeechRecognitionCore.framework/Versions/A/SpeechRecognitionCore
0x0000000110ac5000 	/Users/macos/.vscode/extensions/redhat.java-1.50.0-darwin-x64/jre/21.0.9-macosx-x86_64/lib/server/libjvm.dylib
0x0000000107406000 	/Users/macos/.vscode/extensions/redhat.java-1.50.0-darwin-x64/jre/21.0.9-macosx-x86_64/lib/libjimage.dylib
0x0000000107429000 	/Users/macos/.vscode/extensions/redhat.java-1.50.0-darwin-x64/jre/21.0.9-macosx-x86_64/lib/libinstrument.dylib
0x0000000107467000 	/Users/macos/.vscode/extensions/redhat.java-1.50.0-darwin-x64/jre/21.0.9-macosx-x86_64/lib/libjava.dylib
0x000000010768d000 	/Users/macos/.vscode/extensions/redhat.java-1.50.0-darwin-x64/jre/21.0.9-macosx-x86_64/lib/libzip.dylib
0x00000001076b5000 	/Users/macos/.vscode/extensions/redhat.java-1.50.0-darwin-x64/jre/21.0.9-macosx-x86_64/lib/libnio.dylib
0x0000000107679000 	/Users/macos/.vscode/extensions/redhat.java-1.50.0-darwin-x64/jre/21.0.9-macosx-x86_64/lib/libnet.dylib
0x00000001076e8000 	/Users/macos/.vscode/extensions/redhat.java-1.50.0-darwin-x64/jre/21.0.9-macosx-x86_64/lib/libverify.dylib
0x000000010771d000 	/Users/macos/Library/Application Support/Code/User/globalStorage/redhat.java/1.50.0/config_mac/org.eclipse.equinox.launcher/org.eclipse.equinox.launcher.cocoa.macosx.x86_64_1.2.1400.v20250801-0854/eclipse_11916.so
0x00007ff82bd81000 	/System/Library/Frameworks/FileProvider.framework/Versions/A/FileProvider
0x00007ff81d8d7000 	/System/Library/Frameworks/Accounts.framework/Versions/A/Accounts
0x00007ff81f719000 	/System/Library/PrivateFrameworks/UserManagement.framework/Versions/A/UserManagement
0x00007ff82bf1c000 	/System/Library/PrivateFrameworks/GenerationalStorage.framework/Versions/A/GenerationalStorage
0x00007ff82ca9d000 	/System/Library/PrivateFrameworks/CoreSymbolication.framework/Versions/A/CoreSymbolication
0x00007ff82b788000 	/System/Library/PrivateFrameworks/SymptomDiagnosticReporter.framework/Versions/A/SymptomDiagnosticReporter
0x00007ff81b88c000 	/System/Library/PrivateFrameworks/DesktopServicesPriv.framework/Versions/A/DesktopServicesPriv
0x00007ff81a64d000 	/usr/lib/libsandbox.1.dylib
0x00007ff82ca5e000 	/System/Library/PrivateFrameworks/DebugSymbols.framework/Versions/A/DebugSymbols
0x00007ff82764b000 	/System/Library/PrivateFrameworks/NetAuth.framework/Versions/A/NetAuth
0x00007ff82867f000 	/System/Library/PrivateFrameworks/Sharing.framework/Versions/A/Sharing
0x00007ff81f6df000 	/System/Library/PrivateFrameworks/login.framework/Versions/A/Frameworks/loginsupport.framework/Versions/A/loginsupport
0x00007ff82dd9f000 	/System/Library/PrivateFrameworks/Apple80211.framework/Versions/A/Apple80211
0x00007ff823057000 	/System/Library/PrivateFrameworks/AuthKit.framework/Versions/A/AuthKit
0x00007ff82259f000 	/System/Library/Frameworks/CoreWLAN.framework/Versions/A/CoreWLAN
0x00007ff82dda3000 	/System/Library/PrivateFrameworks/CoreWiFi.framework/Versions/A/CoreWiFi
0x00007ffa2013e000 	/System/Library/PrivateFrameworks/WiFiPeerToPeer.framework/Versions/A/WiFiPeerToPeer
0x00007ff82c605000 	/System/Library/PrivateFrameworks/FrontBoardServices.framework/Versions/A/FrontBoardServices
0x00007ff82c69e000 	/System/Library/PrivateFrameworks/BoardServices.framework/Versions/A/BoardServices
0x00007ff82df3f000 	/System/Library/PrivateFrameworks/BackBoardServices.framework/Versions/A/BackBoardServices
0x00007ff8231d0000 	/System/Library/Frameworks/UserNotifications.framework/Versions/A/UserNotifications
0x00007ff827b01000 	/System/Library/PrivateFrameworks/CorePhoneNumbers.framework/Versions/A/CorePhoneNumbers
0x00007ff827348000 	/System/Library/PrivateFrameworks/MultiverseSupport.framework/Versions/A/MultiverseSupport
0x00007ff82e1ba000 	/System/Library/PrivateFrameworks/RemoteServiceDiscovery.framework/Versions/A/RemoteServiceDiscovery
0x00007ff82b8a2000 	/System/Library/PrivateFrameworks/DiskManagement.framework/Versions/A/DiskManagement
0x00007ff82b7ba000 	/System/Library/PrivateFrameworks/AppleIDAuthSupport.framework/Versions/A/AppleIDAuthSupport
0x00007ffb1cc96000 	/System/Library/PrivateFrameworks/AAAFoundation.framework/Versions/A/AAAFoundation
0x00007ff827ada000 	/System/Library/PrivateFrameworks/KeychainCircle.framework/Versions/A/KeychainCircle
0x00007ff82e1ce000 	/System/Library/PrivateFrameworks/RemoteXPC.framework/Versions/A/RemoteXPC
0x00007ff82b86e000 	/System/Library/PrivateFrameworks/MediaKit.framework/Versions/A/MediaKit
0x00007ff82b7c6000 	/System/Library/Frameworks/DiscRecording.framework/Versions/A/DiscRecording
0x00007ff824f64000 	/usr/lib/libCoreStorage.dylib
0x00007ff82e239000 	/usr/lib/libcsfde.dylib
0x00007ff8288d5000 	/System/Library/PrivateFrameworks/ProtectedCloudStorage.framework/Versions/A/ProtectedCloudStorage
0x00007ff82e235000 	/System/Library/PrivateFrameworks/EFILogin.framework/Versions/A/EFILogin
0x00007ff82bf42000 	/System/Library/PrivateFrameworks/OctagonTrust.framework/Versions/A/OctagonTrust
0x00007ff824f5c000 	/usr/lib/libMatch.1.dylib
0x00007ff81f3f7000 	/System/Library/PrivateFrameworks/ViewBridge.framework/Versions/A/ViewBridge
0x0000000110aaa000 	/Users/macos/.vscode/extensions/redhat.java-1.50.0-darwin-x64/jre/21.0.9-macosx-x86_64/lib/libmanagement.dylib
0x0000000127f8a000 	/Users/macos/.vscode/extensions/redhat.java-1.50.0-darwin-x64/jre/21.0.9-macosx-x86_64/lib/libmanagement_ext.dylib
0x0000000127f9a000 	/Users/macos/.vscode/extensions/redhat.java-1.50.0-darwin-x64/jre/21.0.9-macosx-x86_64/lib/libextnet.dylib

JVMTI agents:
/Users/macos/.vscode/extensions/redhat.java-1.50.0-darwin-x64/lombok/lombok-1.18.39-4050.jar path:none, loaded, initialized, instrumentlib options:none


VM Arguments:
jvm_args: --add-modules=ALL-SYSTEM --add-opens=java.base/java.util=ALL-UNNAMED --add-opens=java.base/java.lang=ALL-UNNAMED --add-opens=java.base/sun.nio.fs=ALL-UNNAMED -Declipse.application=org.eclipse.jdt.ls.core.id1 -Dosgi.bundles.defaultStartLevel=4 -Declipse.product=org.eclipse.jdt.ls.core.product -Djava.import.generatesMetadataFilesAtProjectRoot=false -DDetectVMInstallationsJob.disabled=true -Dfile.encoding=utf8 -XX:+UseParallelGC -XX:GCTimeRatio=4 -XX:AdaptiveSizePolicyWeight=90 -Dsun.zip.disableMemoryMapping=true -Xmx2G -Xms100m -Xlog:disable -javaagent:/Users/macos/.vscode/extensions/redhat.java-1.50.0-darwin-x64/lombok/lombok-1.18.39-4050.jar -XX:+HeapDumpOnOutOfMemoryError -XX:HeapDumpPath=/Users/macos/Library/Application Support/Code/User/workspaceStorage/60cff38366bdc71d8764f5d85cbf17cc/redhat.java -Daether.dependencyCollector.impl=bf 
java_command: /Users/macos/.vscode/extensions/redhat.java-1.50.0-darwin-x64/server/plugins/org.eclipse.equinox.launcher_1.7.100.v20251111-0406.jar -configuration /Users/macos/Library/Application Support/Code/User/globalStorage/redhat.java/1.50.0/config_mac -data /Users/macos/Library/Application Support/Code/User/workspaceStorage/60cff38366bdc71d8764f5d85cbf17cc/redhat.java/jdt_ws --pipe=/private/var/folders/g2/c6b3gt1s6_j0vv55krbn01lm0000gn/T/lsp-8bf51a5efbc863c3f04abe1addad4ca7.sock
java_class_path (initial): /Users/macos/.vscode/extensions/redhat.java-1.50.0-darwin-x64/server/plugins/org.eclipse.equinox.launcher_1.7.100.v20251111-0406.jar
Launcher Type: SUN_STANDARD

[Global flags]
    uintx AdaptiveSizePolicyWeight                 = 90                                        {product} {command line}
     intx CICompilerCount                          = 12                                        {product} {ergonomic}
    uintx GCTimeRatio                              = 4                                         {product} {command line}
     bool HeapDumpOnOutOfMemoryError               = true                                   {manageable} {command line}
    ccstr HeapDumpPath                             = /Users/macos/Library/Application Support/Code/User/workspaceStorage/60cff38366bdc71d8764f5d85cbf17cc/redhat.java         {manageable} {command line}
   size_t InitialHeapSize                          = 104857600                                 {product} {command line}
   size_t MaxHeapSize                              = 2147483648                                {product} {command line}
   size_t MaxNewSize                               = 715653120                                 {product} {ergonomic}
   size_t MinHeapDeltaBytes                        = 524288                                    {product} {ergonomic}
   size_t MinHeapSize                              = 104857600                                 {product} {command line}
   size_t NewSize                                  = 34603008                                  {product} {ergonomic}
    uintx NonNMethodCodeHeapSize                   = 7602480                                {pd product} {ergonomic}
    uintx NonProfiledCodeHeapSize                  = 122027880                              {pd product} {ergonomic}
   size_t OldSize                                  = 70254592                                  {product} {ergonomic}
    uintx ProfiledCodeHeapSize                     = 122027880                              {pd product} {ergonomic}
    uintx ReservedCodeCacheSize                    = 251658240                              {pd product} {ergonomic}
     bool SegmentedCodeCache                       = true                                      {product} {ergonomic}
   size_t SoftMaxHeapSize                          = 2147483648                             {manageable} {ergonomic}
     bool UseCompressedOops                        = true                           {product lp64_product} {ergonomic}
     bool UseNUMA                                  = false                                     {product} {ergonomic}
     bool UseNUMAInterleaving                      = false                                     {product} {ergonomic}
     bool UseParallelGC                            = true                                      {product} {command line}

Logging:
Log output configuration:
 #0: stdout all=off uptime,level,tags foldmultilines=false
 #1: stderr all=off uptime,level,tags foldmultilines=false

Release file:
JAVA_VERSION="21.0.9"
MODULES="java.base java.compiler java.datatransfer java.xml java.prefs java.desktop java.instrument java.logging java.management java.security.sasl java.naming java.rmi java.management.rmi java.net.http java.scripting java.security.jgss java.transaction.xa java.sql java.sql.rowset java.xml.crypto java.se java.smartcardio jdk.accessibility jdk.internal.jvmstat jdk.attach jdk.charsets jdk.internal.opt jdk.zipfs jdk.compiler jdk.crypto.ec jdk.crypto.cryptoki jdk.dynalink jdk.internal.ed jdk.editpad jdk.hotspot.agent jdk.httpserver jdk.internal.le jdk.internal.vm.ci jdk.internal.vm.compiler jdk.internal.vm.compiler.management jdk.jartool jdk.javadoc jdk.jcmd jdk.management jdk.management.agent jdk.jconsole jdk.jdeps jdk.jdwp.agent jdk.jdi jdk.jfr jdk.jshell jdk.jsobject jdk.jstatd jdk.localedata jdk.management.jfr jdk.naming.dns jdk.naming.rmi jdk.net jdk.nio.mapmode jdk.random jdk.sctp jdk.security.auth jdk.security.jgss jdk.unsupported jdk.unsupported.desktop jdk.xml.dom"

Environment Variables:
PATH=/Users/macos/bin:/usr/local/bin:/System/Cryptexes/App/usr/bin:/usr/bin:/bin:/usr/sbin:/sbin:/var/run/com.apple.security.cryptexd/codex.system/bootstrap/usr/local/bin:/var/run/com.apple.security.cryptexd/codex.system/bootstrap/usr/bin:/var/run/com.apple.security.cryptexd/codex.system/bootstrap/usr/appleinternal/bin
SHELL=/bin/zsh
LC_CTYPE=UTF-8
TERM=xterm-256color
TMPDIR=/var/folders/g2/c6b3gt1s6_j0vv55krbn01lm0000gn/T/

Active Locale:
LC_ALL=C/UTF-8/C/C/C/C
LC_COLLATE=C
LC_CTYPE=UTF-8
LC_MESSAGES=C
LC_MONETARY=C
LC_NUMERIC=C
LC_TIME=C

Signal Handlers:
   SIGSEGV: crash_handler in libjvm.dylib, mask=11100110000111110111111111111111, flags=SA_ONSTACK|SA_RESTART|SA_SIGINFO, unblocked
    SIGBUS: crash_handler in libjvm.dylib, mask=11100110000111110111111111111111, flags=SA_RESTART|SA_SIGINFO, unblocked
    SIGFPE: crash_handler in libjvm.dylib, mask=11100110000111110111111111111111, flags=SA_RESTART|SA_SIGINFO, unblocked
   SIGPIPE: javaSignalHandler in libjvm.dylib, mask=11100110000111110111111111111111, flags=SA_RESTART|SA_SIGINFO, blocked
   SIGXFSZ: javaSignalHandler in libjvm.dylib, mask=11100110000111110111111111111111, flags=SA_RESTART|SA_SIGINFO, blocked
    SIGILL: crash_handler in libjvm.dylib, mask=11100110000111110111111111111111, flags=SA_RESTART|SA_SIGINFO, unblocked
   SIGUSR2: SR_handler in libjvm.dylib, mask=00000000000000000000000000000000, flags=SA_RESTART|SA_SIGINFO, blocked
    SIGHUP: UserHandler in libjvm.dylib, mask=11100110000111110111111111111111, flags=SA_RESTART|SA_SIGINFO, blocked
    SIGINT: UserHandler in libjvm.dylib, mask=11100110000111110111111111111111, flags=SA_RESTART|SA_SIGINFO, blocked
   SIGTERM: UserHandler in libjvm.dylib, mask=11100110000111110111111111111111, flags=SA_RESTART|SA_SIGINFO, blocked
   SIGQUIT: UserHandler in libjvm.dylib, mask=11100110000111110111111111111111, flags=SA_RESTART|SA_SIGINFO, blocked
   SIGTRAP: crash_handler in libjvm.dylib, mask=11100110000111110111111111111111, flags=SA_RESTART|SA_SIGINFO, unblocked


Periodic native trim disabled

---------------  S Y S T E M  ---------------

OS:
uname: Darwin 22.6.0 Darwin Kernel Version 22.6.0: Wed Jul 31 21:42:48 PDT 2024; root:xnu-8796.141.3.707.4~1/RELEASE_X86_64 x86_64
OS uptime: 2 days 22:12 hours
rlimit (soft/hard): STACK 8192k/65532k , CORE 0k/infinity , NPROC 2784/4176 , NOFILE 1048576/infinity , AS infinity/infinity , CPU infinity/infinity , DATA infinity/infinity , FSIZE infinity/infinity , MEMLOCK infinity/infinity , RSS infinity/infinity
load average: 4.44 3.64 3.37

CPU: total 16 (initial active 16) (8 cores per cpu, 2 threads per core) family 6 model 158 stepping 13 microcode 0x104, cx8, cmov, fxsr, ht, mmx, 3dnowpref, sse, sse2, sse3, ssse3, sse4.1, sse4.2, popcnt, lzcnt, tsc, tscinvbit, avx, avx2, aes, erms, clmul, bmi1, bmi2, adx, fma, vzeroupper, clflush, clflushopt, rdtscp, f16c
machdep.cpu.brand_string:Intel(R) Core(TM) i9-9880H CPU @ 2.30GHz
hw.cpufrequency:2300000000
hw.cpufrequency_min:2300000000
hw.cpufrequency_max:2300000000
hw.cachelinesize:64
hw.l1icachesize:32768
hw.l1dcachesize:32768
hw.l2cachesize:262144
hw.l3cachesize:16777216

Memory: 4k page, physical 16777216k(43328k free), swap 5242880k(988928k free)

vm_info: OpenJDK 64-Bit Server VM (21.0.9+10-LTS) for bsd-amd64 JRE (21.0.9+10-LTS), built on 2025-10-21T00:00:00Z by "admin" with clang Apple LLVM 15.0.0 (clang-1500.1.0.2.5)

END.
